--------------------------------------------------------
--  File created - Wednesday-August-02-2023   
--------------------------------------------------------
--------------------------------------------------------
--  DDL for Sequence ARTISTSONG_SEQ
--------------------------------------------------------

   CREATE SEQUENCE  "GROUP2USER"."ARTISTSONG_SEQ"  MINVALUE 1 MAXVALUE 9999999999999999999999999999 INCREMENT BY 1 START WITH 1000 NOCACHE  NOORDER  NOCYCLE  NOKEEP  NOSCALE  GLOBAL ;
--------------------------------------------------------
--  DDL for Sequence ARTISTS_SEQ
--------------------------------------------------------

   CREATE SEQUENCE  "GROUP2USER"."ARTISTS_SEQ"  MINVALUE 1 MAXVALUE 9999999999999999999999999999 INCREMENT BY 1 START WITH 1000 NOCACHE  NOORDER  NOCYCLE  NOKEEP  NOSCALE  GLOBAL ;
--------------------------------------------------------
--  DDL for Sequence GENRES_SEQ
--------------------------------------------------------

   CREATE SEQUENCE  "GROUP2USER"."GENRES_SEQ"  MINVALUE 1 MAXVALUE 9999999999999999999999999999 INCREMENT BY 1 START WITH 1000 NOCACHE  NOORDER  NOCYCLE  NOKEEP  NOSCALE  GLOBAL ;
--------------------------------------------------------
--  DDL for Sequence PLAYLISTNAME_PLAYLIST_SEQ
--------------------------------------------------------

   CREATE SEQUENCE  "GROUP2USER"."PLAYLISTNAME_PLAYLIST_SEQ"  MINVALUE 1 MAXVALUE 9999999999999999999999999999 INCREMENT BY 1 START WITH 1006 NOCACHE  NOORDER  NOCYCLE  NOKEEP  NOSCALE  GLOBAL ;
--------------------------------------------------------
--  DDL for Sequence PLAYLISTSONG_SEQ
--------------------------------------------------------

   CREATE SEQUENCE  "GROUP2USER"."PLAYLISTSONG_SEQ"  MINVALUE 1 MAXVALUE 9999999999999999999999999999 INCREMENT BY 1 START WITH 1000 NOCACHE  NOORDER  NOCYCLE  NOKEEP  NOSCALE  GLOBAL ;
--------------------------------------------------------
--  DDL for Sequence PLAYLISTS_SEQ
--------------------------------------------------------

   CREATE SEQUENCE  "GROUP2USER"."PLAYLISTS_SEQ"  MINVALUE 1 MAXVALUE 9999999999999999999999999999 INCREMENT BY 1 START WITH 1005 NOCACHE  NOORDER  NOCYCLE  NOKEEP  NOSCALE  GLOBAL ;
--------------------------------------------------------
--  DDL for Sequence PLAYLIST_NAME_SEQ
--------------------------------------------------------

   CREATE SEQUENCE  "GROUP2USER"."PLAYLIST_NAME_SEQ"  MINVALUE 1 MAXVALUE 9999999999999999999999999999 INCREMENT BY 1 START WITH 1013 NOCACHE  NOORDER  NOCYCLE  NOKEEP  NOSCALE  GLOBAL ;
--------------------------------------------------------
--  DDL for Sequence POPULARITIES_SEQ
--------------------------------------------------------

   CREATE SEQUENCE  "GROUP2USER"."POPULARITIES_SEQ"  MINVALUE 1 MAXVALUE 9999999999999999999999999999 INCREMENT BY 1 START WITH 1006 NOCACHE  NOORDER  NOCYCLE  NOKEEP  NOSCALE  GLOBAL ;
--------------------------------------------------------
--  DDL for Sequence SONGGENRE_SEQ
--------------------------------------------------------

   CREATE SEQUENCE  "GROUP2USER"."SONGGENRE_SEQ"  MINVALUE 1 MAXVALUE 9999999999999999999999999999 INCREMENT BY 1 START WITH 1000 NOCACHE  NOORDER  NOCYCLE  NOKEEP  NOSCALE  GLOBAL ;
--------------------------------------------------------
--  DDL for Sequence SONGPOP_SEQ
--------------------------------------------------------

   CREATE SEQUENCE  "GROUP2USER"."SONGPOP_SEQ"  MINVALUE 1 MAXVALUE 9999999999999999999999999999 INCREMENT BY 1 START WITH 1003 NOCACHE  NOORDER  NOCYCLE  NOKEEP  NOSCALE  GLOBAL ;
--------------------------------------------------------
--  DDL for Sequence SONGS_SEQ
--------------------------------------------------------

   CREATE SEQUENCE  "GROUP2USER"."SONGS_SEQ"  MINVALUE 1 MAXVALUE 9999999999999999999999999999 INCREMENT BY 1 START WITH 1001 NOCACHE  NOORDER  NOCYCLE  NOKEEP  NOSCALE  GLOBAL ;
--------------------------------------------------------
--  DDL for Sequence USERNAME_SEQ
--------------------------------------------------------

   CREATE SEQUENCE  "GROUP2USER"."USERNAME_SEQ"  MINVALUE 1 MAXVALUE 9999999999999999999999999999 INCREMENT BY 1 START WITH 1014 NOCACHE  NOORDER  NOCYCLE  NOKEEP  NOSCALE  GLOBAL ;
--------------------------------------------------------
--  DDL for Sequence USERNAME_USER_SEQ
--------------------------------------------------------

   CREATE SEQUENCE  "GROUP2USER"."USERNAME_USER_SEQ"  MINVALUE 1 MAXVALUE 9999999999999999999999999999 INCREMENT BY 1 START WITH 1009 NOCACHE  NOORDER  NOCYCLE  NOKEEP  NOSCALE  GLOBAL ;
--------------------------------------------------------
--  DDL for Sequence USERS_SEQ
--------------------------------------------------------

   CREATE SEQUENCE  "GROUP2USER"."USERS_SEQ"  MINVALUE 1 MAXVALUE 9999999999999999999999999999 INCREMENT BY 1 START WITH 1002 NOCACHE  NOORDER  NOCYCLE  NOKEEP  NOSCALE  GLOBAL ;
--------------------------------------------------------
--  DDL for Table ARTISTS
--------------------------------------------------------

  CREATE TABLE "GROUP2USER"."ARTISTS" 
   (	"ARTISTID" NUMBER, 
	"ARTISTNAME" VARCHAR2(100 BYTE), 
	"COUNTRY" VARCHAR2(50 BYTE)
   ) SEGMENT CREATION IMMEDIATE 
  PCTFREE 10 PCTUSED 40 INITRANS 1 MAXTRANS 255 
 NOCOMPRESS LOGGING
  STORAGE(INITIAL 65536 NEXT 1048576 MINEXTENTS 1 MAXEXTENTS 2147483645
  PCTINCREASE 0 FREELISTS 1 FREELIST GROUPS 1
  BUFFER_POOL DEFAULT FLASH_CACHE DEFAULT CELL_FLASH_CACHE DEFAULT)
  TABLESPACE "GROUP2ASSIGNMENT2" ;
--------------------------------------------------------
--  DDL for Table ARTISTSSONGS
--------------------------------------------------------

  CREATE TABLE "GROUP2USER"."ARTISTSSONGS" 
   (	"ARTISTSSONGSID" NUMBER, 
	"ARTISTID" NUMBER, 
	"SPOTIFYID" NUMBER
   ) SEGMENT CREATION IMMEDIATE 
  PCTFREE 10 PCTUSED 40 INITRANS 1 MAXTRANS 255 
 NOCOMPRESS LOGGING
  STORAGE(INITIAL 65536 NEXT 1048576 MINEXTENTS 1 MAXEXTENTS 2147483645
  PCTINCREASE 0 FREELISTS 1 FREELIST GROUPS 1
  BUFFER_POOL DEFAULT FLASH_CACHE DEFAULT CELL_FLASH_CACHE DEFAULT)
  TABLESPACE "GROUP2ASSIGNMENT2" ;
--------------------------------------------------------
--  DDL for Table GENRES
--------------------------------------------------------

  CREATE TABLE "GROUP2USER"."GENRES" 
   (	"GENREID" NUMBER, 
	"GENRENAME" VARCHAR2(200 BYTE)
   ) SEGMENT CREATION IMMEDIATE 
  PCTFREE 10 PCTUSED 40 INITRANS 1 MAXTRANS 255 
 NOCOMPRESS LOGGING
  STORAGE(INITIAL 65536 NEXT 1048576 MINEXTENTS 1 MAXEXTENTS 2147483645
  PCTINCREASE 0 FREELISTS 1 FREELIST GROUPS 1
  BUFFER_POOL DEFAULT FLASH_CACHE DEFAULT CELL_FLASH_CACHE DEFAULT)
  TABLESPACE "GROUP2ASSIGNMENT2" ;
--------------------------------------------------------
--  DDL for Table GENRESONGS
--------------------------------------------------------

  CREATE TABLE "GROUP2USER"."GENRESONGS" 
   (	"GENRESONGSID" NUMBER, 
	"SPOTIFYID" NUMBER, 
	"GENREID" NUMBER
   ) SEGMENT CREATION IMMEDIATE 
  PCTFREE 10 PCTUSED 40 INITRANS 1 MAXTRANS 255 
 NOCOMPRESS LOGGING
  STORAGE(INITIAL 65536 NEXT 1048576 MINEXTENTS 1 MAXEXTENTS 2147483645
  PCTINCREASE 0 FREELISTS 1 FREELIST GROUPS 1
  BUFFER_POOL DEFAULT FLASH_CACHE DEFAULT CELL_FLASH_CACHE DEFAULT)
  TABLESPACE "GROUP2ASSIGNMENT2" ;
--------------------------------------------------------
--  DDL for Table PLAYLISTNAME
--------------------------------------------------------

  CREATE TABLE "GROUP2USER"."PLAYLISTNAME" 
   (	"PLAYLISTNAMEID" NUMBER, 
	"PLAYLISTNAME" VARCHAR2(50 BYTE)
   ) SEGMENT CREATION IMMEDIATE 
  PCTFREE 10 PCTUSED 40 INITRANS 1 MAXTRANS 255 
 NOCOMPRESS LOGGING
  STORAGE(INITIAL 65536 NEXT 1048576 MINEXTENTS 1 MAXEXTENTS 2147483645
  PCTINCREASE 0 FREELISTS 1 FREELIST GROUPS 1
  BUFFER_POOL DEFAULT FLASH_CACHE DEFAULT CELL_FLASH_CACHE DEFAULT)
  TABLESPACE "GROUP2ASSIGNMENT2" ;
--------------------------------------------------------
--  DDL for Table PLAYLISTNAME_PLAYLIST
--------------------------------------------------------

  CREATE TABLE "GROUP2USER"."PLAYLISTNAME_PLAYLIST" 
   (	"PLAYLISTNAME_PLAYLISTID" NUMBER, 
	"STARTTIME" DATE, 
	"ENDTIME" DATE, 
	"PLAYLISTID" NUMBER, 
	"PLAYLISTNAMEID" NUMBER
   ) SEGMENT CREATION IMMEDIATE 
  PCTFREE 10 PCTUSED 40 INITRANS 1 MAXTRANS 255 
 NOCOMPRESS LOGGING
  STORAGE(INITIAL 65536 NEXT 1048576 MINEXTENTS 1 MAXEXTENTS 2147483645
  PCTINCREASE 0 FREELISTS 1 FREELIST GROUPS 1
  BUFFER_POOL DEFAULT FLASH_CACHE DEFAULT CELL_FLASH_CACHE DEFAULT)
  TABLESPACE "GROUP2ASSIGNMENT2" ;
--------------------------------------------------------
--  DDL for Table PLAYLISTS
--------------------------------------------------------

  CREATE TABLE "GROUP2USER"."PLAYLISTS" 
   (	"PLAYLISTID" NUMBER, 
	"OWNERID" NUMBER, 
	"ISPUBLIC" NUMBER(1,0), 
	"ISCOLLABORATIVE" NUMBER(1,0)
   ) SEGMENT CREATION IMMEDIATE 
  PCTFREE 10 PCTUSED 40 INITRANS 1 MAXTRANS 255 
 NOCOMPRESS LOGGING
  STORAGE(INITIAL 65536 NEXT 1048576 MINEXTENTS 1 MAXEXTENTS 2147483645
  PCTINCREASE 0 FREELISTS 1 FREELIST GROUPS 1
  BUFFER_POOL DEFAULT FLASH_CACHE DEFAULT CELL_FLASH_CACHE DEFAULT)
  TABLESPACE "GROUP2ASSIGNMENT2" ;
--------------------------------------------------------
--  DDL for Table POPULARITIES
--------------------------------------------------------

  CREATE TABLE "GROUP2USER"."POPULARITIES" 
   (	"POPID" NUMBER, 
	"POPULARITY" NUMBER
   ) SEGMENT CREATION IMMEDIATE 
  PCTFREE 10 PCTUSED 40 INITRANS 1 MAXTRANS 255 
 NOCOMPRESS LOGGING
  STORAGE(INITIAL 65536 NEXT 1048576 MINEXTENTS 1 MAXEXTENTS 2147483645
  PCTINCREASE 0 FREELISTS 1 FREELIST GROUPS 1
  BUFFER_POOL DEFAULT FLASH_CACHE DEFAULT CELL_FLASH_CACHE DEFAULT)
  TABLESPACE "GROUP2ASSIGNMENT2" ;
--------------------------------------------------------
--  DDL for Table SONGPLAYLISTS
--------------------------------------------------------

  CREATE TABLE "GROUP2USER"."SONGPLAYLISTS" 
   (	"SONGPLAYLISTSID" NUMBER, 
	"SPOTIFYID" NUMBER, 
	"PLAYLISTID" NUMBER
   ) SEGMENT CREATION IMMEDIATE 
  PCTFREE 10 PCTUSED 40 INITRANS 1 MAXTRANS 255 
 NOCOMPRESS LOGGING
  STORAGE(INITIAL 65536 NEXT 1048576 MINEXTENTS 1 MAXEXTENTS 2147483645
  PCTINCREASE 0 FREELISTS 1 FREELIST GROUPS 1
  BUFFER_POOL DEFAULT FLASH_CACHE DEFAULT CELL_FLASH_CACHE DEFAULT)
  TABLESPACE "GROUP2ASSIGNMENT2" ;
--------------------------------------------------------
--  DDL for Table SONGPOP
--------------------------------------------------------

  CREATE TABLE "GROUP2USER"."SONGPOP" 
   (	"SONGPOPID" NUMBER, 
	"STARTTIME" DATE, 
	"ENDTIME" DATE, 
	"SONGID" NUMBER, 
	"POPID" NUMBER
   ) SEGMENT CREATION IMMEDIATE 
  PCTFREE 10 PCTUSED 40 INITRANS 1 MAXTRANS 255 
 NOCOMPRESS LOGGING
  STORAGE(INITIAL 65536 NEXT 1048576 MINEXTENTS 1 MAXEXTENTS 2147483645
  PCTINCREASE 0 FREELISTS 1 FREELIST GROUPS 1
  BUFFER_POOL DEFAULT FLASH_CACHE DEFAULT CELL_FLASH_CACHE DEFAULT)
  TABLESPACE "GROUP2ASSIGNMENT2" ;
--------------------------------------------------------
--  DDL for Table SONGS
--------------------------------------------------------

  CREATE TABLE "GROUP2USER"."SONGS" 
   (	"SPOTIFYID" NUMBER, 
	"TRACKNAME" VARCHAR2(150 BYTE), 
	"ALBUMNAME" VARCHAR2(150 BYTE), 
	"RELEASEDATE" DATE, 
	"DURATION" NUMBER, 
	"DANCEABILITY" NUMBER(6,5)
   ) SEGMENT CREATION IMMEDIATE 
  PCTFREE 10 PCTUSED 40 INITRANS 1 MAXTRANS 255 
 NOCOMPRESS LOGGING
  STORAGE(INITIAL 65536 NEXT 1048576 MINEXTENTS 1 MAXEXTENTS 2147483645
  PCTINCREASE 0 FREELISTS 1 FREELIST GROUPS 1
  BUFFER_POOL DEFAULT FLASH_CACHE DEFAULT CELL_FLASH_CACHE DEFAULT)
  TABLESPACE "GROUP2ASSIGNMENT2" ;
--------------------------------------------------------
--  DDL for Table USERNAME
--------------------------------------------------------

  CREATE TABLE "GROUP2USER"."USERNAME" 
   (	"USERNAMEID" NUMBER, 
	"USERNAME" VARCHAR2(100 BYTE)
   ) SEGMENT CREATION IMMEDIATE 
  PCTFREE 10 PCTUSED 40 INITRANS 1 MAXTRANS 255 
 NOCOMPRESS LOGGING
  STORAGE(INITIAL 65536 NEXT 1048576 MINEXTENTS 1 MAXEXTENTS 2147483645
  PCTINCREASE 0 FREELISTS 1 FREELIST GROUPS 1
  BUFFER_POOL DEFAULT FLASH_CACHE DEFAULT CELL_FLASH_CACHE DEFAULT)
  TABLESPACE "GROUP2ASSIGNMENT2" ;
--------------------------------------------------------
--  DDL for Table USERNAME_USER
--------------------------------------------------------

  CREATE TABLE "GROUP2USER"."USERNAME_USER" 
   (	"USERNAME_USERID" NUMBER, 
	"STARTTIME" DATE, 
	"ENDTIME" DATE, 
	"USERNAMEID" NUMBER, 
	"USERID" NUMBER
   ) SEGMENT CREATION IMMEDIATE 
  PCTFREE 10 PCTUSED 40 INITRANS 1 MAXTRANS 255 
 NOCOMPRESS LOGGING
  STORAGE(INITIAL 65536 NEXT 1048576 MINEXTENTS 1 MAXEXTENTS 2147483645
  PCTINCREASE 0 FREELISTS 1 FREELIST GROUPS 1
  BUFFER_POOL DEFAULT FLASH_CACHE DEFAULT CELL_FLASH_CACHE DEFAULT)
  TABLESPACE "GROUP2ASSIGNMENT2" ;
--------------------------------------------------------
--  DDL for Table USERS
--------------------------------------------------------

  CREATE TABLE "GROUP2USER"."USERS" 
   (	"USERID" NUMBER, 
	"USERTYPE" VARCHAR2(50 BYTE)
   ) SEGMENT CREATION IMMEDIATE 
  PCTFREE 10 PCTUSED 40 INITRANS 1 MAXTRANS 255 
 NOCOMPRESS LOGGING
  STORAGE(INITIAL 65536 NEXT 1048576 MINEXTENTS 1 MAXEXTENTS 2147483645
  PCTINCREASE 0 FREELISTS 1 FREELIST GROUPS 1
  BUFFER_POOL DEFAULT FLASH_CACHE DEFAULT CELL_FLASH_CACHE DEFAULT)
  TABLESPACE "GROUP2ASSIGNMENT2" ;
--------------------------------------------------------
--  DDL for View PLAYLISTS_VIEW
--------------------------------------------------------

  CREATE OR REPLACE FORCE EDITIONABLE VIEW "GROUP2USER"."PLAYLISTS_VIEW" ("PLAYLISTID", "PLAYLISTNAME", "OWNERID", "ISPUBLIC", "ISCOLLABORATIVE") AS 
  select playlists.PlaylistID as PlaylistID, playlistname.playlistname as playlistname,
        playlists.ownerID as ownerID, playlists.ispublic as ispublic, playlists.iscollaborative
    from playlists
    join playlistname_playlist on playlistname_playlist.playlistid = playlists.playlistid
    join playlistname on playlistname.playlistnameid = playlistname_playlist.playlistnameid
    where playlistname_playlist.endtime is null
;
--------------------------------------------------------
--  DDL for View SONGS_VIEW
--------------------------------------------------------

  CREATE OR REPLACE FORCE EDITIONABLE VIEW "GROUP2USER"."SONGS_VIEW" ("SPOTIFYID", "TRACKNAME", "ALBUMNAME", "RELEASEDATE", "DURATION", "POPULARITY", "DANCEABILITY") AS 
  select songs.spotifyID as spotifyID,  trackname, albumname, releasedate, duration, popularity, danceability
    from songs
    join songpop on songpop.songid = songs.spotifyID
    join popularities on popularities.popID = songpop.popID
    where songpop.endtime is null
;
--------------------------------------------------------
--  DDL for View USERS_VIEW
--------------------------------------------------------

  CREATE OR REPLACE FORCE EDITIONABLE VIEW "GROUP2USER"."USERS_VIEW" ("USERID", "USERNAME", "USERTYPE") AS 
  select users.UserID as UserID, UserName.UserName as userName, users.usertype
    from users
    join username_user on username_user.userid = users.userid
    join username on username.usernameid = username_user.usernameid
    where username_user.endtime is null
;
REM INSERTING into GROUP2USER.ARTISTS
SET DEFINE OFF;
Insert into GROUP2USER.ARTISTS (ARTISTID,ARTISTNAME,COUNTRY) values (1,'Metro Boomin','United States');
Insert into GROUP2USER.ARTISTS (ARTISTID,ARTISTNAME,COUNTRY) values (2,'Natanael Cano','Mexico');
Insert into GROUP2USER.ARTISTS (ARTISTID,ARTISTNAME,COUNTRY) values (5,'Don Toliver','United States');
Insert into GROUP2USER.ARTISTS (ARTISTID,ARTISTNAME,COUNTRY) values (6,'The Weeknd','Canada');
Insert into GROUP2USER.ARTISTS (ARTISTID,ARTISTNAME,COUNTRY) values (7,'Peso Pluma','Mexico');
Insert into GROUP2USER.ARTISTS (ARTISTID,ARTISTNAME,COUNTRY) values (8,'Future','United States');
Insert into GROUP2USER.ARTISTS (ARTISTID,ARTISTNAME,COUNTRY) values (9,'Travis Scott','United States');
Insert into GROUP2USER.ARTISTS (ARTISTID,ARTISTNAME,COUNTRY) values (10,'Justin Bieber','Canada');
Insert into GROUP2USER.ARTISTS (ARTISTID,ARTISTNAME,COUNTRY) values (11,'21 Savage','United Kingdom');
Insert into GROUP2USER.ARTISTS (ARTISTID,ARTISTNAME,COUNTRY) values (12,'Gabito Ballesteros','Mexico');
Insert into GROUP2USER.ARTISTS (ARTISTID,ARTISTNAME,COUNTRY) values (13,'Chris Brown','United States');
Insert into GROUP2USER.ARTISTS (ARTISTID,ARTISTNAME,COUNTRY) values (14,'Young Thug','United States');
Insert into GROUP2USER.ARTISTS (ARTISTID,ARTISTNAME,COUNTRY) values (16,'Eslabon Armado','Mexico');
Insert into GROUP2USER.ARTISTS (ARTISTID,ARTISTNAME,COUNTRY) values (17,'Rema','Nigeria');
Insert into GROUP2USER.ARTISTS (ARTISTID,ARTISTNAME,COUNTRY) values (18,'Grupo Frontera','Mexico');
Insert into GROUP2USER.ARTISTS (ARTISTID,ARTISTNAME,COUNTRY) values (20,'PinkPantheress','United Kingdom');
Insert into GROUP2USER.ARTISTS (ARTISTID,ARTISTNAME,COUNTRY) values (21,'Yng Lvcas','Mexico');
Insert into GROUP2USER.ARTISTS (ARTISTID,ARTISTNAME,COUNTRY) values (22,'David Guetta','France');
Insert into GROUP2USER.ARTISTS (ARTISTID,ARTISTNAME,COUNTRY) values (23,'Kane Brown','United States');
Insert into GROUP2USER.ARTISTS (ARTISTID,ARTISTNAME,COUNTRY) values (24,'Ice Spice','United States');
Insert into GROUP2USER.ARTISTS (ARTISTID,ARTISTNAME,COUNTRY) values (27,'Sam Smith','United Kingdom');
Insert into GROUP2USER.ARTISTS (ARTISTID,ARTISTNAME,COUNTRY) values (28,'RAYE','United Kingdom');
Insert into GROUP2USER.ARTISTS (ARTISTID,ARTISTNAME,COUNTRY) values (29,'Tyler, The Creator','United States');
Insert into GROUP2USER.ARTISTS (ARTISTID,ARTISTNAME,COUNTRY) values (30,'KAROL G','Colombia');
Insert into GROUP2USER.ARTISTS (ARTISTID,ARTISTNAME,COUNTRY) values (31,'Drake','Canada');
Insert into GROUP2USER.ARTISTS (ARTISTID,ARTISTNAME,COUNTRY) values (33,'Fuerza Regida','Mexico');
Insert into GROUP2USER.ARTISTS (ARTISTID,ARTISTNAME,COUNTRY) values (34,'Junior H','Mexico');
Insert into GROUP2USER.ARTISTS (ARTISTID,ARTISTNAME,COUNTRY) values (35,'Becky G','United States');
Insert into GROUP2USER.ARTISTS (ARTISTID,ARTISTNAME,COUNTRY) values (36,'Morgan Wallen','United States');
Insert into GROUP2USER.ARTISTS (ARTISTID,ARTISTNAME,COUNTRY) values (37,'ROSALíA','Spain');
Insert into GROUP2USER.ARTISTS (ARTISTID,ARTISTNAME,COUNTRY) values (39,'Carin Leon','Mexico');
Insert into GROUP2USER.ARTISTS (ARTISTID,ARTISTNAME,COUNTRY) values (40,'Yahritza Y Su Esencia','Mexico');
Insert into GROUP2USER.ARTISTS (ARTISTID,ARTISTNAME,COUNTRY) values (43,'Yandel','Puerto Rico');
Insert into GROUP2USER.ARTISTS (ARTISTID,ARTISTNAME,COUNTRY) values (44,'Lil Baby','United States');
Insert into GROUP2USER.ARTISTS (ARTISTID,ARTISTNAME,COUNTRY) values (45,'Grupo Marca Registrada','Mexico');
Insert into GROUP2USER.ARTISTS (ARTISTID,ARTISTNAME,COUNTRY) values (46,'Bizarrap','Argentina');
Insert into GROUP2USER.ARTISTS (ARTISTID,ARTISTNAME,COUNTRY) values (47,'Zach Bryan','United States');
Insert into GROUP2USER.ARTISTS (ARTISTID,ARTISTNAME,COUNTRY) values (49,'Selena Gomez','United States');
Insert into GROUP2USER.ARTISTS (ARTISTID,ARTISTNAME,COUNTRY) values (50,'Bad Bunny','Puerto Rico');
Insert into GROUP2USER.ARTISTS (ARTISTID,ARTISTNAME,COUNTRY) values (51,'Ariana Grande','United States');
Insert into GROUP2USER.ARTISTS (ARTISTID,ARTISTNAME,COUNTRY) values (54,'Bebe Rexha','United States');
Insert into GROUP2USER.ARTISTS (ARTISTID,ARTISTNAME,COUNTRY) values (55,'Katelyn Brown','United States');
Insert into GROUP2USER.ARTISTS (ARTISTID,ARTISTNAME,COUNTRY) values (56,'Nicki Minaj','Trinidad and Tobago');
Insert into GROUP2USER.ARTISTS (ARTISTID,ARTISTNAME,COUNTRY) values (59,'Kim Petras','Germany');
Insert into GROUP2USER.ARTISTS (ARTISTID,ARTISTNAME,COUNTRY) values (60,'070 Shake','United States');
Insert into GROUP2USER.ARTISTS (ARTISTID,ARTISTNAME,COUNTRY) values (61,'Kali Uchis','Colombia');
Insert into GROUP2USER.ARTISTS (ARTISTID,ARTISTNAME,COUNTRY) values (62,'Shakira','Colombia');
Insert into GROUP2USER.ARTISTS (ARTISTID,ARTISTNAME,COUNTRY) values (68,'ERNEST','United States');
Insert into GROUP2USER.ARTISTS (ARTISTID,ARTISTNAME,COUNTRY) values (69,'Rauw Alejandro','Puerto Rico');
Insert into GROUP2USER.ARTISTS (ARTISTID,ARTISTNAME,COUNTRY) values (73,'Eric Church','United States');
Insert into GROUP2USER.ARTISTS (ARTISTID,ARTISTNAME,COUNTRY) values (75,'Feid','Colombia');
Insert into GROUP2USER.ARTISTS (ARTISTID,ARTISTNAME,COUNTRY) values (76,'Fridayy','United States');
Insert into GROUP2USER.ARTISTS (ARTISTID,ARTISTNAME,COUNTRY) values (79,'Maggie Rogers','United States');
Insert into GROUP2USER.ARTISTS (ARTISTID,ARTISTNAME,COUNTRY) values (81,'SZA','United States');
Insert into GROUP2USER.ARTISTS (ARTISTID,ARTISTNAME,COUNTRY) values (82,'Miley Cyrus','United States');
Insert into GROUP2USER.ARTISTS (ARTISTID,ARTISTNAME,COUNTRY) values (83,'Taylor Swift','United States');
Insert into GROUP2USER.ARTISTS (ARTISTID,ARTISTNAME,COUNTRY) values (84,'Toosii','United States');
Insert into GROUP2USER.ARTISTS (ARTISTID,ARTISTNAME,COUNTRY) values (86,'Luke Combs','United States');
Insert into GROUP2USER.ARTISTS (ARTISTID,ARTISTNAME,COUNTRY) values (87,'Miguel','United States');
Insert into GROUP2USER.ARTISTS (ARTISTID,ARTISTNAME,COUNTRY) values (88,'Bailey Zimmerman','United States');
Insert into GROUP2USER.ARTISTS (ARTISTID,ARTISTNAME,COUNTRY) values (89,'Coi Leray','United States');
Insert into GROUP2USER.ARTISTS (ARTISTID,ARTISTNAME,COUNTRY) values (91,'FIFTY FIFTY','South Korea');
Insert into GROUP2USER.ARTISTS (ARTISTID,ARTISTNAME,COUNTRY) values (92,'Harry Styles','United Kingdom');
Insert into GROUP2USER.ARTISTS (ARTISTID,ARTISTNAME,COUNTRY) values (94,'Post Malone','United States');
Insert into GROUP2USER.ARTISTS (ARTISTID,ARTISTNAME,COUNTRY) values (98,'Tyler Hubbard','United States');
Insert into GROUP2USER.ARTISTS (ARTISTID,ARTISTNAME,COUNTRY) values (100,'Parker McCollum','United States');
Insert into GROUP2USER.ARTISTS (ARTISTID,ARTISTNAME,COUNTRY) values (103,'Ed Sheeran','United Kingdom');
Insert into GROUP2USER.ARTISTS (ARTISTID,ARTISTNAME,COUNTRY) values (104,'NLE Choppa','United States');
Insert into GROUP2USER.ARTISTS (ARTISTID,ARTISTNAME,COUNTRY) values (105,'Lil Uzi Vert','United States');
Insert into GROUP2USER.ARTISTS (ARTISTID,ARTISTNAME,COUNTRY) values (108,'Jordan Davis','United States');
Insert into GROUP2USER.ARTISTS (ARTISTID,ARTISTNAME,COUNTRY) values (109,'David Kushner','United States');
Insert into GROUP2USER.ARTISTS (ARTISTID,ARTISTNAME,COUNTRY) values (110,'Corey Kent','United States');
Insert into GROUP2USER.ARTISTS (ARTISTID,ARTISTNAME,COUNTRY) values (112,'Megan Moroney','United States');
Insert into GROUP2USER.ARTISTS (ARTISTID,ARTISTNAME,COUNTRY) values (113,'Jack Harlow','United States');
Insert into GROUP2USER.ARTISTS (ARTISTID,ARTISTNAME,COUNTRY) values (114,'Jelly Roll','United States');
Insert into GROUP2USER.ARTISTS (ARTISTID,ARTISTNAME,COUNTRY) values (115,'Sabrina Carpenter','United States');
Insert into GROUP2USER.ARTISTS (ARTISTID,ARTISTNAME,COUNTRY) values (117,'Chino Pacas','Mexico');
Insert into GROUP2USER.ARTISTS (ARTISTID,ARTISTNAME,COUNTRY) values (118,'Cody Johnson','United States');
Insert into GROUP2USER.ARTISTS (ARTISTID,ARTISTNAME,COUNTRY) values (119,'Coco Jones','United States');
Insert into GROUP2USER.ARTISTS (ARTISTID,ARTISTNAME,COUNTRY) values (122,'Rod Wave','United States');
Insert into GROUP2USER.ARTISTS (ARTISTID,ARTISTNAME,COUNTRY) values (123,'Dierks Bentley','United States');
Insert into GROUP2USER.ARTISTS (ARTISTID,ARTISTNAME,COUNTRY) values (124,'Nate Smith','United States');
Insert into GROUP2USER.ARTISTS (ARTISTID,ARTISTNAME,COUNTRY) values (125,'Scotty McCreery','United States');
Insert into GROUP2USER.ARTISTS (ARTISTID,ARTISTNAME,COUNTRY) values (127,'Old Dominion','United States');
Insert into GROUP2USER.ARTISTS (ARTISTID,ARTISTNAME,COUNTRY) values (128,'Superstar Pride','United States');
Insert into GROUP2USER.ARTISTS (ARTISTID,ARTISTNAME,COUNTRY) values (130,'Jack Black','United States');
Insert into GROUP2USER.ARTISTS (ARTISTID,ARTISTNAME,COUNTRY) values (132,'Lady Gaga','United States');
Insert into GROUP2USER.ARTISTS (ARTISTID,ARTISTNAME,COUNTRY) values (133,'Lizzy McAlpine','United States');
Insert into GROUP2USER.ARTISTS (ARTISTID,ARTISTNAME,COUNTRY) values (135,'Jonas Brothers','United States');
Insert into GROUP2USER.ARTISTS (ARTISTID,ARTISTNAME,COUNTRY) values (136,'Labrinth','United Kingdom');
Insert into GROUP2USER.ARTISTS (ARTISTID,ARTISTNAME,COUNTRY) values (137,'Libianca','United States');
Insert into GROUP2USER.ARTISTS (ARTISTID,ARTISTNAME,COUNTRY) values (138,'NF','United States');
Insert into GROUP2USER.ARTISTS (ARTISTID,ARTISTNAME,COUNTRY) values (140,'Lil Yachty','United States');
Insert into GROUP2USER.ARTISTS (ARTISTID,ARTISTNAME,COUNTRY) values (141,'Superman','Cananda');
REM INSERTING into GROUP2USER.ARTISTSSONGS
SET DEFINE OFF;
Insert into GROUP2USER.ARTISTSSONGS (ARTISTSSONGSID,ARTISTID,SPOTIFYID) values (1,1,6);
Insert into GROUP2USER.ARTISTSSONGS (ARTISTSSONGSID,ARTISTID,SPOTIFYID) values (2,1,43);
Insert into GROUP2USER.ARTISTSSONGS (ARTISTSSONGSID,ARTISTID,SPOTIFYID) values (3,1,72);
Insert into GROUP2USER.ARTISTSSONGS (ARTISTSSONGSID,ARTISTID,SPOTIFYID) values (4,2,33);
Insert into GROUP2USER.ARTISTSSONGS (ARTISTSSONGSID,ARTISTID,SPOTIFYID) values (5,2,37);
Insert into GROUP2USER.ARTISTSSONGS (ARTISTSSONGSID,ARTISTID,SPOTIFYID) values (6,2,71);
Insert into GROUP2USER.ARTISTSSONGS (ARTISTSSONGSID,ARTISTID,SPOTIFYID) values (7,5,99);
Insert into GROUP2USER.ARTISTSSONGS (ARTISTSSONGSID,ARTISTID,SPOTIFYID) values (8,6,6);
Insert into GROUP2USER.ARTISTSSONGS (ARTISTSSONGSID,ARTISTID,SPOTIFYID) values (9,6,8);
Insert into GROUP2USER.ARTISTSSONGS (ARTISTSSONGSID,ARTISTID,SPOTIFYID) values (10,6,35);
Insert into GROUP2USER.ARTISTSSONGS (ARTISTSSONGSID,ARTISTID,SPOTIFYID) values (11,7,4);
Insert into GROUP2USER.ARTISTSSONGS (ARTISTSSONGSID,ARTISTID,SPOTIFYID) values (12,7,12);
Insert into GROUP2USER.ARTISTSSONGS (ARTISTSSONGSID,ARTISTID,SPOTIFYID) values (13,7,29);
Insert into GROUP2USER.ARTISTSSONGS (ARTISTSSONGSID,ARTISTID,SPOTIFYID) values (14,7,33);
Insert into GROUP2USER.ARTISTSSONGS (ARTISTSSONGSID,ARTISTID,SPOTIFYID) values (15,7,37);
Insert into GROUP2USER.ARTISTSSONGS (ARTISTSSONGSID,ARTISTID,SPOTIFYID) values (16,7,56);
Insert into GROUP2USER.ARTISTSSONGS (ARTISTSSONGSID,ARTISTID,SPOTIFYID) values (17,7,57);
Insert into GROUP2USER.ARTISTSSONGS (ARTISTSSONGSID,ARTISTID,SPOTIFYID) values (18,7,81);
Insert into GROUP2USER.ARTISTSSONGS (ARTISTSSONGSID,ARTISTID,SPOTIFYID) values (19,8,35);
Insert into GROUP2USER.ARTISTSSONGS (ARTISTSSONGSID,ARTISTID,SPOTIFYID) values (20,8,43);
Insert into GROUP2USER.ARTISTSSONGS (ARTISTSSONGSID,ARTISTID,SPOTIFYID) values (21,8,99);
Insert into GROUP2USER.ARTISTSSONGS (ARTISTSSONGSID,ARTISTID,SPOTIFYID) values (22,9,72);
Insert into GROUP2USER.ARTISTSSONGS (ARTISTSSONGSID,ARTISTID,SPOTIFYID) values (23,10,99);
Insert into GROUP2USER.ARTISTSSONGS (ARTISTSSONGSID,ARTISTID,SPOTIFYID) values (24,11,6);
Insert into GROUP2USER.ARTISTSSONGS (ARTISTSSONGSID,ARTISTID,SPOTIFYID) values (25,11,48);
Insert into GROUP2USER.ARTISTSSONGS (ARTISTSSONGSID,ARTISTID,SPOTIFYID) values (26,11,50);
Insert into GROUP2USER.ARTISTSSONGS (ARTISTSSONGSID,ARTISTID,SPOTIFYID) values (27,12,37);
Insert into GROUP2USER.ARTISTSSONGS (ARTISTSSONGSID,ARTISTID,SPOTIFYID) values (28,13,32);
Insert into GROUP2USER.ARTISTSSONGS (ARTISTSSONGSID,ARTISTID,SPOTIFYID) values (29,13,43);
Insert into GROUP2USER.ARTISTSSONGS (ARTISTSSONGSID,ARTISTID,SPOTIFYID) values (30,14,72);
Insert into GROUP2USER.ARTISTSSONGS (ARTISTSSONGSID,ARTISTID,SPOTIFYID) values (31,16,4);
Insert into GROUP2USER.ARTISTSSONGS (ARTISTSSONGSID,ARTISTID,SPOTIFYID) values (32,17,5);
Insert into GROUP2USER.ARTISTSSONGS (ARTISTSSONGSID,ARTISTID,SPOTIFYID) values (33,18,7);
Insert into GROUP2USER.ARTISTSSONGS (ARTISTSSONGSID,ARTISTID,SPOTIFYID) values (34,18,55);
Insert into GROUP2USER.ARTISTSSONGS (ARTISTSSONGSID,ARTISTID,SPOTIFYID) values (35,18,76);
Insert into GROUP2USER.ARTISTSSONGS (ARTISTSSONGSID,ARTISTID,SPOTIFYID) values (36,18,77);
Insert into GROUP2USER.ARTISTSSONGS (ARTISTSSONGSID,ARTISTID,SPOTIFYID) values (37,18,93);
Insert into GROUP2USER.ARTISTSSONGS (ARTISTSSONGSID,ARTISTID,SPOTIFYID) values (38,20,9);
Insert into GROUP2USER.ARTISTSSONGS (ARTISTSSONGSID,ARTISTID,SPOTIFYID) values (39,21,12);
Insert into GROUP2USER.ARTISTSSONGS (ARTISTSSONGSID,ARTISTID,SPOTIFYID) values (40,22,24);
Insert into GROUP2USER.ARTISTSSONGS (ARTISTSSONGSID,ARTISTID,SPOTIFYID) values (41,23,27);
Insert into GROUP2USER.ARTISTSSONGS (ARTISTSSONGSID,ARTISTID,SPOTIFYID) values (42,24,9);
Insert into GROUP2USER.ARTISTSSONGS (ARTISTSSONGSID,ARTISTID,SPOTIFYID) values (43,24,31);
Insert into GROUP2USER.ARTISTSSONGS (ARTISTSSONGSID,ARTISTID,SPOTIFYID) values (44,24,79);
Insert into GROUP2USER.ARTISTSSONGS (ARTISTSSONGSID,ARTISTID,SPOTIFYID) values (45,27,36);
Insert into GROUP2USER.ARTISTSSONGS (ARTISTSSONGSID,ARTISTID,SPOTIFYID) values (46,28,40);
Insert into GROUP2USER.ARTISTSSONGS (ARTISTSSONGSID,ARTISTID,SPOTIFYID) values (47,29,44);
Insert into GROUP2USER.ARTISTSSONGS (ARTISTSSONGSID,ARTISTID,SPOTIFYID) values (48,30,46);
Insert into GROUP2USER.ARTISTSSONGS (ARTISTSSONGSID,ARTISTID,SPOTIFYID) values (49,31,13);
Insert into GROUP2USER.ARTISTSSONGS (ARTISTSSONGSID,ARTISTID,SPOTIFYID) values (50,31,48);
Insert into GROUP2USER.ARTISTSSONGS (ARTISTSSONGSID,ARTISTID,SPOTIFYID) values (51,31,50);
Insert into GROUP2USER.ARTISTSSONGS (ARTISTSSONGSID,ARTISTID,SPOTIFYID) values (52,33,55);
Insert into GROUP2USER.ARTISTSSONGS (ARTISTSSONGSID,ARTISTID,SPOTIFYID) values (53,33,71);
Insert into GROUP2USER.ARTISTSSONGS (ARTISTSSONGSID,ARTISTID,SPOTIFYID) values (54,33,81);
Insert into GROUP2USER.ARTISTSSONGS (ARTISTSSONGSID,ARTISTID,SPOTIFYID) values (55,34,56);
Insert into GROUP2USER.ARTISTSSONGS (ARTISTSSONGSID,ARTISTID,SPOTIFYID) values (56,35,57);
Insert into GROUP2USER.ARTISTSSONGS (ARTISTSSONGSID,ARTISTID,SPOTIFYID) values (57,36,1);
Insert into GROUP2USER.ARTISTSSONGS (ARTISTSSONGSID,ARTISTID,SPOTIFYID) values (58,36,18);
Insert into GROUP2USER.ARTISTSSONGS (ARTISTSSONGSID,ARTISTID,SPOTIFYID) values (59,36,23);
Insert into GROUP2USER.ARTISTSSONGS (ARTISTSSONGSID,ARTISTID,SPOTIFYID) values (60,36,25);
Insert into GROUP2USER.ARTISTSSONGS (ARTISTSSONGSID,ARTISTID,SPOTIFYID) values (61,36,26);
Insert into GROUP2USER.ARTISTSSONGS (ARTISTSSONGSID,ARTISTID,SPOTIFYID) values (62,36,65);
Insert into GROUP2USER.ARTISTSSONGS (ARTISTSSONGSID,ARTISTID,SPOTIFYID) values (63,36,67);
Insert into GROUP2USER.ARTISTSSONGS (ARTISTSSONGSID,ARTISTID,SPOTIFYID) values (64,36,74);
Insert into GROUP2USER.ARTISTSSONGS (ARTISTSSONGSID,ARTISTID,SPOTIFYID) values (65,36,80);
Insert into GROUP2USER.ARTISTSSONGS (ARTISTSSONGSID,ARTISTID,SPOTIFYID) values (66,36,83);
Insert into GROUP2USER.ARTISTSSONGS (ARTISTSSONGSID,ARTISTID,SPOTIFYID) values (67,36,94);
Insert into GROUP2USER.ARTISTSSONGS (ARTISTSSONGSID,ARTISTID,SPOTIFYID) values (68,37,70);
Insert into GROUP2USER.ARTISTSSONGS (ARTISTSSONGSID,ARTISTID,SPOTIFYID) values (69,39,76);
Insert into GROUP2USER.ARTISTSSONGS (ARTISTSSONGSID,ARTISTID,SPOTIFYID) values (70,40,77);
Insert into GROUP2USER.ARTISTSSONGS (ARTISTSSONGSID,ARTISTID,SPOTIFYID) values (71,43,85);
Insert into GROUP2USER.ARTISTSSONGS (ARTISTSSONGSID,ARTISTID,SPOTIFYID) values (72,44,60);
Insert into GROUP2USER.ARTISTSSONGS (ARTISTSSONGSID,ARTISTID,SPOTIFYID) values (73,44,90);
Insert into GROUP2USER.ARTISTSSONGS (ARTISTSSONGSID,ARTISTID,SPOTIFYID) values (74,45,93);
Insert into GROUP2USER.ARTISTSSONGS (ARTISTSSONGSID,ARTISTID,SPOTIFYID) values (75,46,98);
Insert into GROUP2USER.ARTISTSSONGS (ARTISTSSONGSID,ARTISTID,SPOTIFYID) values (76,47,21);
Insert into GROUP2USER.ARTISTSSONGS (ARTISTSSONGSID,ARTISTID,SPOTIFYID) values (77,47,100);
Insert into GROUP2USER.ARTISTSSONGS (ARTISTSSONGSID,ARTISTID,SPOTIFYID) values (78,49,5);
Insert into GROUP2USER.ARTISTSSONGS (ARTISTSSONGSID,ARTISTID,SPOTIFYID) values (79,50,7);
Insert into GROUP2USER.ARTISTSSONGS (ARTISTSSONGSID,ARTISTID,SPOTIFYID) values (80,51,8);
Insert into GROUP2USER.ARTISTSSONGS (ARTISTSSONGSID,ARTISTID,SPOTIFYID) values (81,54,24);
Insert into GROUP2USER.ARTISTSSONGS (ARTISTSSONGSID,ARTISTID,SPOTIFYID) values (82,55,27);
Insert into GROUP2USER.ARTISTSSONGS (ARTISTSSONGSID,ARTISTID,SPOTIFYID) values (83,56,31);
Insert into GROUP2USER.ARTISTSSONGS (ARTISTSSONGSID,ARTISTID,SPOTIFYID) values (84,56,64);
Insert into GROUP2USER.ARTISTSSONGS (ARTISTSSONGSID,ARTISTID,SPOTIFYID) values (85,59,36);
Insert into GROUP2USER.ARTISTSSONGS (ARTISTSSONGSID,ARTISTID,SPOTIFYID) values (86,60,40);
Insert into GROUP2USER.ARTISTSSONGS (ARTISTSSONGSID,ARTISTID,SPOTIFYID) values (87,61,44);
Insert into GROUP2USER.ARTISTSSONGS (ARTISTSSONGSID,ARTISTID,SPOTIFYID) values (88,61,87);
Insert into GROUP2USER.ARTISTSSONGS (ARTISTSSONGSID,ARTISTID,SPOTIFYID) values (89,62,46);
Insert into GROUP2USER.ARTISTSSONGS (ARTISTSSONGSID,ARTISTID,SPOTIFYID) values (90,62,98);
Insert into GROUP2USER.ARTISTSSONGS (ARTISTSSONGSID,ARTISTID,SPOTIFYID) values (91,68,67);
Insert into GROUP2USER.ARTISTSSONGS (ARTISTSSONGSID,ARTISTID,SPOTIFYID) values (92,69,70);
Insert into GROUP2USER.ARTISTSSONGS (ARTISTSSONGSID,ARTISTID,SPOTIFYID) values (93,73,80);
Insert into GROUP2USER.ARTISTSSONGS (ARTISTSSONGSID,ARTISTID,SPOTIFYID) values (94,75,85);
Insert into GROUP2USER.ARTISTSSONGS (ARTISTSSONGSID,ARTISTID,SPOTIFYID) values (95,76,90);
Insert into GROUP2USER.ARTISTSSONGS (ARTISTSSONGSID,ARTISTID,SPOTIFYID) values (96,79,100);
Insert into GROUP2USER.ARTISTSSONGS (ARTISTSSONGSID,ARTISTID,SPOTIFYID) values (97,81,2);
Insert into GROUP2USER.ARTISTSSONGS (ARTISTSSONGSID,ARTISTID,SPOTIFYID) values (98,81,34);
Insert into GROUP2USER.ARTISTSSONGS (ARTISTSSONGSID,ARTISTID,SPOTIFYID) values (99,82,3);
Insert into GROUP2USER.ARTISTSSONGS (ARTISTSSONGSID,ARTISTID,SPOTIFYID) values (100,83,10);
Insert into GROUP2USER.ARTISTSSONGS (ARTISTSSONGSID,ARTISTID,SPOTIFYID) values (101,83,45);
Insert into GROUP2USER.ARTISTSSONGS (ARTISTSSONGSID,ARTISTID,SPOTIFYID) values (102,83,52);
Insert into GROUP2USER.ARTISTSSONGS (ARTISTSSONGSID,ARTISTID,SPOTIFYID) values (103,84,11);
Insert into GROUP2USER.ARTISTSSONGS (ARTISTSSONGSID,ARTISTID,SPOTIFYID) values (104,86,14);
Insert into GROUP2USER.ARTISTSSONGS (ARTISTSSONGSID,ARTISTID,SPOTIFYID) values (105,86,42);
Insert into GROUP2USER.ARTISTSSONGS (ARTISTSSONGSID,ARTISTID,SPOTIFYID) values (106,86,97);
Insert into GROUP2USER.ARTISTSSONGS (ARTISTSSONGSID,ARTISTID,SPOTIFYID) values (107,87,15);
Insert into GROUP2USER.ARTISTSSONGS (ARTISTSSONGSID,ARTISTID,SPOTIFYID) values (108,88,16);
Insert into GROUP2USER.ARTISTSSONGS (ARTISTSSONGSID,ARTISTID,SPOTIFYID) values (109,89,17);
Insert into GROUP2USER.ARTISTSSONGS (ARTISTSSONGSID,ARTISTID,SPOTIFYID) values (110,91,19);
Insert into GROUP2USER.ARTISTSSONGS (ARTISTSSONGSID,ARTISTID,SPOTIFYID) values (111,92,20);
Insert into GROUP2USER.ARTISTSSONGS (ARTISTSSONGSID,ARTISTID,SPOTIFYID) values (112,94,22);
Insert into GROUP2USER.ARTISTSSONGS (ARTISTSSONGSID,ARTISTID,SPOTIFYID) values (113,98,28);
Insert into GROUP2USER.ARTISTSSONGS (ARTISTSSONGSID,ARTISTID,SPOTIFYID) values (114,100,30);
Insert into GROUP2USER.ARTISTSSONGS (ARTISTSSONGSID,ARTISTID,SPOTIFYID) values (115,103,38);
Insert into GROUP2USER.ARTISTSSONGS (ARTISTSSONGSID,ARTISTID,SPOTIFYID) values (116,104,39);
Insert into GROUP2USER.ARTISTSSONGS (ARTISTSSONGSID,ARTISTID,SPOTIFYID) values (117,105,41);
Insert into GROUP2USER.ARTISTSSONGS (ARTISTSSONGSID,ARTISTID,SPOTIFYID) values (118,108,47);
Insert into GROUP2USER.ARTISTSSONGS (ARTISTSSONGSID,ARTISTID,SPOTIFYID) values (119,109,49);
Insert into GROUP2USER.ARTISTSSONGS (ARTISTSSONGSID,ARTISTID,SPOTIFYID) values (120,110,51);
Insert into GROUP2USER.ARTISTSSONGS (ARTISTSSONGSID,ARTISTID,SPOTIFYID) values (121,112,53);
Insert into GROUP2USER.ARTISTSSONGS (ARTISTSSONGSID,ARTISTID,SPOTIFYID) values (122,113,54);
Insert into GROUP2USER.ARTISTSSONGS (ARTISTSSONGSID,ARTISTID,SPOTIFYID) values (123,113,96);
Insert into GROUP2USER.ARTISTSSONGS (ARTISTSSONGSID,ARTISTID,SPOTIFYID) values (124,114,58);
Insert into GROUP2USER.ARTISTSSONGS (ARTISTSSONGSID,ARTISTID,SPOTIFYID) values (125,115,59);
Insert into GROUP2USER.ARTISTSSONGS (ARTISTSSONGSID,ARTISTID,SPOTIFYID) values (126,117,61);
Insert into GROUP2USER.ARTISTSSONGS (ARTISTSSONGSID,ARTISTID,SPOTIFYID) values (127,118,62);
Insert into GROUP2USER.ARTISTSSONGS (ARTISTSSONGSID,ARTISTID,SPOTIFYID) values (128,119,63);
Insert into GROUP2USER.ARTISTSSONGS (ARTISTSSONGSID,ARTISTID,SPOTIFYID) values (129,122,66);
Insert into GROUP2USER.ARTISTSSONGS (ARTISTSSONGSID,ARTISTID,SPOTIFYID) values (130,123,68);
Insert into GROUP2USER.ARTISTSSONGS (ARTISTSSONGSID,ARTISTID,SPOTIFYID) values (131,124,69);
Insert into GROUP2USER.ARTISTSSONGS (ARTISTSSONGSID,ARTISTID,SPOTIFYID) values (132,125,73);
Insert into GROUP2USER.ARTISTSSONGS (ARTISTSSONGSID,ARTISTID,SPOTIFYID) values (133,127,75);
Insert into GROUP2USER.ARTISTSSONGS (ARTISTSSONGSID,ARTISTID,SPOTIFYID) values (134,128,78);
Insert into GROUP2USER.ARTISTSSONGS (ARTISTSSONGSID,ARTISTID,SPOTIFYID) values (135,130,82);
Insert into GROUP2USER.ARTISTSSONGS (ARTISTSSONGSID,ARTISTID,SPOTIFYID) values (136,132,84);
Insert into GROUP2USER.ARTISTSSONGS (ARTISTSSONGSID,ARTISTID,SPOTIFYID) values (137,133,86);
Insert into GROUP2USER.ARTISTSSONGS (ARTISTSSONGSID,ARTISTID,SPOTIFYID) values (138,135,88);
Insert into GROUP2USER.ARTISTSSONGS (ARTISTSSONGSID,ARTISTID,SPOTIFYID) values (139,136,89);
Insert into GROUP2USER.ARTISTSSONGS (ARTISTSSONGSID,ARTISTID,SPOTIFYID) values (140,137,91);
Insert into GROUP2USER.ARTISTSSONGS (ARTISTSSONGSID,ARTISTID,SPOTIFYID) values (141,138,92);
Insert into GROUP2USER.ARTISTSSONGS (ARTISTSSONGSID,ARTISTID,SPOTIFYID) values (142,140,95);
REM INSERTING into GROUP2USER.GENRES
SET DEFINE OFF;
Insert into GROUP2USER.GENRES (GENREID,GENRENAME) values (1,'argentine hip hop');
Insert into GROUP2USER.GENRES (GENREID,GENRENAME) values (2,'pop venezolano');
Insert into GROUP2USER.GENRES (GENREID,GENRENAME) values (3,'trap argentino');
Insert into GROUP2USER.GENRES (GENREID,GENRENAME) values (4,'trap latino');
Insert into GROUP2USER.GENRES (GENREID,GENRENAME) values (5,'urbano latino');
Insert into GROUP2USER.GENRES (GENREID,GENRENAME) values (6,'colombian pop');
Insert into GROUP2USER.GENRES (GENREID,GENRENAME) values (7,'dance pop');
Insert into GROUP2USER.GENRES (GENREID,GENRENAME) values (8,'latin pop');
Insert into GROUP2USER.GENRES (GENREID,GENRENAME) values (9,'pop');
Insert into GROUP2USER.GENRES (GENREID,GENRENAME) values (10,'canadian contemporary r&b');
Insert into GROUP2USER.GENRES (GENREID,GENRENAME) values (11,'reggaeton');
Insert into GROUP2USER.GENRES (GENREID,GENRENAME) values (12,'rap');
Insert into GROUP2USER.GENRES (GENREID,GENRENAME) values (13,'canadian pop');
Insert into GROUP2USER.GENRES (GENREID,GENRENAME) values (14,'reggaeton colombiano');
Insert into GROUP2USER.GENRES (GENREID,GENRENAME) values (15,'latin viral pop');
Insert into GROUP2USER.GENRES (GENREID,GENRENAME) values (16,'trap');
Insert into GROUP2USER.GENRES (GENREID,GENRENAME) values (17,'rap latina');
Insert into GROUP2USER.GENRES (GENREID,GENRENAME) values (18,'hip hop');
Insert into GROUP2USER.GENRES (GENREID,GENRENAME) values (19,'atl hip hop');
Insert into GROUP2USER.GENRES (GENREID,GENRENAME) values (20,'slap house');
Insert into GROUP2USER.GENRES (GENREID,GENRENAME) values (21,'corrido');
Insert into GROUP2USER.GENRES (GENREID,GENRENAME) values (22,'atl trap');
Insert into GROUP2USER.GENRES (GENREID,GENRENAME) values (23,'southern hip hop');
Insert into GROUP2USER.GENRES (GENREID,GENRENAME) values (24,'nueva musica mexicana');
Insert into GROUP2USER.GENRES (GENREID,GENRENAME) values (25,'gangster rap');
Insert into GROUP2USER.GENRES (GENREID,GENRENAME) values (26,'sad sierreno');
Insert into GROUP2USER.GENRES (GENREID,GENRENAME) values (27,'melodic rap');
Insert into GROUP2USER.GENRES (GENREID,GENRENAME) values (28,'canadian hip hop');
Insert into GROUP2USER.GENRES (GENREID,GENRENAME) values (29,'banda');
Insert into GROUP2USER.GENRES (GENREID,GENRENAME) values (30,'latin hip hop');
Insert into GROUP2USER.GENRES (GENREID,GENRENAME) values (31,'corridos tumbados');
Insert into GROUP2USER.GENRES (GENREID,GENRENAME) values (32,'norteno');
Insert into GROUP2USER.GENRES (GENREID,GENRENAME) values (33,'musica mexicana');
Insert into GROUP2USER.GENRES (GENREID,GENRENAME) values (34,'toronto rap');
Insert into GROUP2USER.GENRES (GENREID,GENRENAME) values (35,'sierreno');
Insert into GROUP2USER.GENRES (GENREID,GENRENAME) values (36,'pop reggaeton');
Insert into GROUP2USER.GENRES (GENREID,GENRENAME) values (37,'musica chihuahuense');
Insert into GROUP2USER.GENRES (GENREID,GENRENAME) values (38,'r&b en espanol');
Insert into GROUP2USER.GENRES (GENREID,GENRENAME) values (39,'puerto rican pop');
Insert into GROUP2USER.GENRES (GENREID,GENRENAME) values (40,'r&b');
Insert into GROUP2USER.GENRES (GENREID,GENRENAME) values (41,'big room');
Insert into GROUP2USER.GENRES (GENREID,GENRENAME) values (42,'bronx drill');
Insert into GROUP2USER.GENRES (GENREID,GENRENAME) values (43,'hip pop');
Insert into GROUP2USER.GENRES (GENREID,GENRENAME) values (44,'edm');
Insert into GROUP2USER.GENRES (GENREID,GENRENAME) values (45,'queens hip hop');
Insert into GROUP2USER.GENRES (GENREID,GENRENAME) values (46,'pop dance');
Insert into GROUP2USER.GENRES (GENREID,GENRENAME) values (47,'afrobeats');
Insert into GROUP2USER.GENRES (GENREID,GENRENAME) values (48,'dfw rap');
Insert into GROUP2USER.GENRES (GENREID,GENRENAME) values (49,'black americana');
Insert into GROUP2USER.GENRES (GENREID,GENRENAME) values (50,'deep underground hip hop');
Insert into GROUP2USER.GENRES (GENREID,GENRENAME) values (51,'contemporary country');
Insert into GROUP2USER.GENRES (GENREID,GENRENAME) values (52,'nigerian pop');
Insert into GROUP2USER.GENRES (GENREID,GENRENAME) values (53,'uk pop');
Insert into GROUP2USER.GENRES (GENREID,GENRENAME) values (54,'philly rap');
Insert into GROUP2USER.GENRES (GENREID,GENRENAME) values (55,'kentucky hip hop');
Insert into GROUP2USER.GENRES (GENREID,GENRENAME) values (56,'country');
Insert into GROUP2USER.GENRES (GENREID,GENRENAME) values (57,'alt z');
Insert into GROUP2USER.GENRES (GENREID,GENRENAME) values (58,'rage rap');
Insert into GROUP2USER.GENRES (GENREID,GENRENAME) values (59,'pop rap');
Insert into GROUP2USER.GENRES (GENREID,GENRENAME) values (60,'country road');
Insert into GROUP2USER.GENRES (GENREID,GENRENAME) values (61,'post-teen pop');
Insert into GROUP2USER.GENRES (GENREID,GENRENAME) values (62,'transpop');
Insert into GROUP2USER.GENRES (GENREID,GENRENAME) values (63,'modern country rock');
Insert into GROUP2USER.GENRES (GENREID,GENRENAME) values (64,'uk contemporary r&b');
Insert into GROUP2USER.GENRES (GENREID,GENRENAME) values (65,'country rap');
Insert into GROUP2USER.GENRES (GENREID,GENRENAME) values (66,'art pop');
Insert into GROUP2USER.GENRES (GENREID,GENRENAME) values (67,'classic oklahoma country');
Insert into GROUP2USER.GENRES (GENREID,GENRENAME) values (68,'nashville hip hop');
Insert into GROUP2USER.GENRES (GENREID,GENRENAME) values (69,'boston folk');
Insert into GROUP2USER.GENRES (GENREID,GENRENAME) values (70,'modern country pop');
Insert into GROUP2USER.GENRES (GENREID,GENRENAME) values (71,'new jersey rap');
Insert into GROUP2USER.GENRES (GENREID,GENRENAME) values (72,'tennessee hip hop');
Insert into GROUP2USER.GENRES (GENREID,GENRENAME) values (73,'indie pop');
Insert into GROUP2USER.GENRES (GENREID,GENRENAME) values (74,'new jersey underground rap');
Insert into GROUP2USER.GENRES (GENREID,GENRENAME) values (75,'classic texas country');
Insert into GROUP2USER.GENRES (GENREID,GENRENAME) values (76,'memphis hip hop');
Insert into GROUP2USER.GENRES (GENREID,GENRENAME) values (77,'comedy rock');
Insert into GROUP2USER.GENRES (GENREID,GENRENAME) values (78,'boy band');
Insert into GROUP2USER.GENRES (GENREID,GENRENAME) values (79,'indie poptimism');
Insert into GROUP2USER.GENRES (GENREID,GENRENAME) values (80,'trap queen');
Insert into GROUP2USER.GENRES (GENREID,GENRENAME) values (81,'texas country');
Insert into GROUP2USER.GENRES (GENREID,GENRENAME) values (82,'comic');
Insert into GROUP2USER.GENRES (GENREID,GENRENAME) values (83,'north carolina hip hop');
Insert into GROUP2USER.GENRES (GENREID,GENRENAME) values (84,'k-pop girl group');
Insert into GROUP2USER.GENRES (GENREID,GENRENAME) values (85,'gen z singer-songwriter');
Insert into GROUP2USER.GENRES (GENREID,GENRENAME) values (86,'florida rap');
REM INSERTING into GROUP2USER.GENRESONGS
SET DEFINE OFF;
Insert into GROUP2USER.GENRESONGS (GENRESONGSID,SPOTIFYID,GENREID) values (1,1,51);
Insert into GROUP2USER.GENRESONGS (GENRESONGSID,SPOTIFYID,GENREID) values (2,2,9);
Insert into GROUP2USER.GENRESONGS (GENRESONGSID,SPOTIFYID,GENREID) values (3,2,12);
Insert into GROUP2USER.GENRESONGS (GENRESONGSID,SPOTIFYID,GENREID) values (4,2,40);
Insert into GROUP2USER.GENRESONGS (GENRESONGSID,SPOTIFYID,GENREID) values (5,3,9);
Insert into GROUP2USER.GENRESONGS (GENRESONGSID,SPOTIFYID,GENREID) values (6,4,21);
Insert into GROUP2USER.GENRESONGS (GENRESONGSID,SPOTIFYID,GENREID) values (7,4,24);
Insert into GROUP2USER.GENRESONGS (GENRESONGSID,SPOTIFYID,GENREID) values (8,4,26);
Insert into GROUP2USER.GENRESONGS (GENRESONGSID,SPOTIFYID,GENREID) values (9,4,31);
Insert into GROUP2USER.GENRESONGS (GENRESONGSID,SPOTIFYID,GENREID) values (10,4,35);
Insert into GROUP2USER.GENRESONGS (GENRESONGSID,SPOTIFYID,GENREID) values (11,5,9);
Insert into GROUP2USER.GENRESONGS (GENRESONGSID,SPOTIFYID,GENREID) values (12,5,47);
Insert into GROUP2USER.GENRESONGS (GENRESONGSID,SPOTIFYID,GENREID) values (13,5,52);
Insert into GROUP2USER.GENRESONGS (GENRESONGSID,SPOTIFYID,GENREID) values (14,5,61);
Insert into GROUP2USER.GENRESONGS (GENRESONGSID,SPOTIFYID,GENREID) values (15,6,9);
Insert into GROUP2USER.GENRESONGS (GENRESONGSID,SPOTIFYID,GENREID) values (16,6,10);
Insert into GROUP2USER.GENRESONGS (GENRESONGSID,SPOTIFYID,GENREID) values (17,6,12);
Insert into GROUP2USER.GENRESONGS (GENRESONGSID,SPOTIFYID,GENREID) values (18,6,13);
Insert into GROUP2USER.GENRESONGS (GENRESONGSID,SPOTIFYID,GENREID) values (19,6,16);
Insert into GROUP2USER.GENRESONGS (GENRESONGSID,SPOTIFYID,GENREID) values (20,6,18);
Insert into GROUP2USER.GENRESONGS (GENRESONGSID,SPOTIFYID,GENREID) values (21,6,19);
Insert into GROUP2USER.GENRESONGS (GENRESONGSID,SPOTIFYID,GENREID) values (22,7,4);
Insert into GROUP2USER.GENRESONGS (GENRESONGSID,SPOTIFYID,GENREID) values (23,7,5);
Insert into GROUP2USER.GENRESONGS (GENRESONGSID,SPOTIFYID,GENREID) values (24,7,11);
Insert into GROUP2USER.GENRESONGS (GENRESONGSID,SPOTIFYID,GENREID) values (25,7,24);
Insert into GROUP2USER.GENRESONGS (GENRESONGSID,SPOTIFYID,GENREID) values (26,7,37);
Insert into GROUP2USER.GENRESONGS (GENRESONGSID,SPOTIFYID,GENREID) values (27,8,9);
Insert into GROUP2USER.GENRESONGS (GENRESONGSID,SPOTIFYID,GENREID) values (28,8,10);
Insert into GROUP2USER.GENRESONGS (GENRESONGSID,SPOTIFYID,GENREID) values (29,8,13);
Insert into GROUP2USER.GENRESONGS (GENRESONGSID,SPOTIFYID,GENREID) values (30,9,42);
Insert into GROUP2USER.GENRESONGS (GENRESONGSID,SPOTIFYID,GENREID) values (31,10,9);
Insert into GROUP2USER.GENRESONGS (GENRESONGSID,SPOTIFYID,GENREID) values (32,11,83);
Insert into GROUP2USER.GENRESONGS (GENRESONGSID,SPOTIFYID,GENREID) values (33,12,21);
Insert into GROUP2USER.GENRESONGS (GENRESONGSID,SPOTIFYID,GENREID) values (34,12,24);
Insert into GROUP2USER.GENRESONGS (GENRESONGSID,SPOTIFYID,GENREID) values (35,12,26);
Insert into GROUP2USER.GENRESONGS (GENRESONGSID,SPOTIFYID,GENREID) values (36,13,12);
Insert into GROUP2USER.GENRESONGS (GENRESONGSID,SPOTIFYID,GENREID) values (37,13,13);
Insert into GROUP2USER.GENRESONGS (GENRESONGSID,SPOTIFYID,GENREID) values (38,13,18);
Insert into GROUP2USER.GENRESONGS (GENRESONGSID,SPOTIFYID,GENREID) values (39,13,28);
Insert into GROUP2USER.GENRESONGS (GENRESONGSID,SPOTIFYID,GENREID) values (40,13,34);
Insert into GROUP2USER.GENRESONGS (GENRESONGSID,SPOTIFYID,GENREID) values (41,14,51);
Insert into GROUP2USER.GENRESONGS (GENRESONGSID,SPOTIFYID,GENREID) values (42,14,56);
Insert into GROUP2USER.GENRESONGS (GENRESONGSID,SPOTIFYID,GENREID) values (43,15,40);
Insert into GROUP2USER.GENRESONGS (GENRESONGSID,SPOTIFYID,GENREID) values (44,16,70);
Insert into GROUP2USER.GENRESONGS (GENRESONGSID,SPOTIFYID,GENREID) values (45,17,74);
Insert into GROUP2USER.GENRESONGS (GENRESONGSID,SPOTIFYID,GENREID) values (46,17,80);
Insert into GROUP2USER.GENRESONGS (GENRESONGSID,SPOTIFYID,GENREID) values (47,18,51);
Insert into GROUP2USER.GENRESONGS (GENRESONGSID,SPOTIFYID,GENREID) values (48,19,84);
Insert into GROUP2USER.GENRESONGS (GENRESONGSID,SPOTIFYID,GENREID) values (49,20,9);
Insert into GROUP2USER.GENRESONGS (GENRESONGSID,SPOTIFYID,GENREID) values (50,21,67);
Insert into GROUP2USER.GENRESONGS (GENRESONGSID,SPOTIFYID,GENREID) values (51,21,70);
Insert into GROUP2USER.GENRESONGS (GENRESONGSID,SPOTIFYID,GENREID) values (52,22,9);
Insert into GROUP2USER.GENRESONGS (GENRESONGSID,SPOTIFYID,GENREID) values (53,22,12);
Insert into GROUP2USER.GENRESONGS (GENRESONGSID,SPOTIFYID,GENREID) values (54,22,27);
Insert into GROUP2USER.GENRESONGS (GENRESONGSID,SPOTIFYID,GENREID) values (55,22,48);
Insert into GROUP2USER.GENRESONGS (GENRESONGSID,SPOTIFYID,GENREID) values (56,23,51);
Insert into GROUP2USER.GENRESONGS (GENRESONGSID,SPOTIFYID,GENREID) values (57,24,7);
Insert into GROUP2USER.GENRESONGS (GENRESONGSID,SPOTIFYID,GENREID) values (58,24,9);
Insert into GROUP2USER.GENRESONGS (GENRESONGSID,SPOTIFYID,GENREID) values (59,24,41);
Insert into GROUP2USER.GENRESONGS (GENRESONGSID,SPOTIFYID,GENREID) values (60,24,44);
Insert into GROUP2USER.GENRESONGS (GENRESONGSID,SPOTIFYID,GENREID) values (61,24,46);
Insert into GROUP2USER.GENRESONGS (GENRESONGSID,SPOTIFYID,GENREID) values (62,25,51);
Insert into GROUP2USER.GENRESONGS (GENRESONGSID,SPOTIFYID,GENREID) values (63,26,51);
Insert into GROUP2USER.GENRESONGS (GENRESONGSID,SPOTIFYID,GENREID) values (64,27,49);
Insert into GROUP2USER.GENRESONGS (GENRESONGSID,SPOTIFYID,GENREID) values (65,27,51);
Insert into GROUP2USER.GENRESONGS (GENRESONGSID,SPOTIFYID,GENREID) values (66,27,56);
Insert into GROUP2USER.GENRESONGS (GENRESONGSID,SPOTIFYID,GENREID) values (67,27,60);
Insert into GROUP2USER.GENRESONGS (GENRESONGSID,SPOTIFYID,GENREID) values (68,28,51);
Insert into GROUP2USER.GENRESONGS (GENRESONGSID,SPOTIFYID,GENREID) values (69,28,70);
Insert into GROUP2USER.GENRESONGS (GENRESONGSID,SPOTIFYID,GENREID) values (70,29,21);
Insert into GROUP2USER.GENRESONGS (GENRESONGSID,SPOTIFYID,GENREID) values (71,29,24);
Insert into GROUP2USER.GENRESONGS (GENRESONGSID,SPOTIFYID,GENREID) values (72,29,26);
Insert into GROUP2USER.GENRESONGS (GENRESONGSID,SPOTIFYID,GENREID) values (73,30,75);
Insert into GROUP2USER.GENRESONGS (GENRESONGSID,SPOTIFYID,GENREID) values (74,30,81);
Insert into GROUP2USER.GENRESONGS (GENRESONGSID,SPOTIFYID,GENREID) values (75,31,9);
Insert into GROUP2USER.GENRESONGS (GENRESONGSID,SPOTIFYID,GENREID) values (76,31,12);
Insert into GROUP2USER.GENRESONGS (GENRESONGSID,SPOTIFYID,GENREID) values (77,31,42);
Insert into GROUP2USER.GENRESONGS (GENRESONGSID,SPOTIFYID,GENREID) values (78,31,43);
Insert into GROUP2USER.GENRESONGS (GENRESONGSID,SPOTIFYID,GENREID) values (79,31,45);
Insert into GROUP2USER.GENRESONGS (GENRESONGSID,SPOTIFYID,GENREID) values (80,32,12);
Insert into GROUP2USER.GENRESONGS (GENRESONGSID,SPOTIFYID,GENREID) values (81,32,40);
Insert into GROUP2USER.GENRESONGS (GENRESONGSID,SPOTIFYID,GENREID) values (82,33,21);
Insert into GROUP2USER.GENRESONGS (GENRESONGSID,SPOTIFYID,GENREID) values (83,33,24);
Insert into GROUP2USER.GENRESONGS (GENRESONGSID,SPOTIFYID,GENREID) values (84,33,26);
Insert into GROUP2USER.GENRESONGS (GENRESONGSID,SPOTIFYID,GENREID) values (85,33,31);
Insert into GROUP2USER.GENRESONGS (GENRESONGSID,SPOTIFYID,GENREID) values (86,33,33);
Insert into GROUP2USER.GENRESONGS (GENRESONGSID,SPOTIFYID,GENREID) values (87,33,35);
Insert into GROUP2USER.GENRESONGS (GENRESONGSID,SPOTIFYID,GENREID) values (88,34,9);
Insert into GROUP2USER.GENRESONGS (GENRESONGSID,SPOTIFYID,GENREID) values (89,34,12);
Insert into GROUP2USER.GENRESONGS (GENRESONGSID,SPOTIFYID,GENREID) values (90,34,40);
Insert into GROUP2USER.GENRESONGS (GENRESONGSID,SPOTIFYID,GENREID) values (91,35,9);
Insert into GROUP2USER.GENRESONGS (GENRESONGSID,SPOTIFYID,GENREID) values (92,35,10);
Insert into GROUP2USER.GENRESONGS (GENRESONGSID,SPOTIFYID,GENREID) values (93,35,12);
Insert into GROUP2USER.GENRESONGS (GENRESONGSID,SPOTIFYID,GENREID) values (94,35,13);
Insert into GROUP2USER.GENRESONGS (GENRESONGSID,SPOTIFYID,GENREID) values (95,35,16);
Insert into GROUP2USER.GENRESONGS (GENRESONGSID,SPOTIFYID,GENREID) values (96,35,18);
Insert into GROUP2USER.GENRESONGS (GENRESONGSID,SPOTIFYID,GENREID) values (97,35,19);
Insert into GROUP2USER.GENRESONGS (GENRESONGSID,SPOTIFYID,GENREID) values (98,35,23);
Insert into GROUP2USER.GENRESONGS (GENRESONGSID,SPOTIFYID,GENREID) values (99,36,9);
Insert into GROUP2USER.GENRESONGS (GENRESONGSID,SPOTIFYID,GENREID) values (100,36,53);
Insert into GROUP2USER.GENRESONGS (GENRESONGSID,SPOTIFYID,GENREID) values (101,36,57);
Insert into GROUP2USER.GENRESONGS (GENRESONGSID,SPOTIFYID,GENREID) values (102,36,62);
Insert into GROUP2USER.GENRESONGS (GENRESONGSID,SPOTIFYID,GENREID) values (103,37,21);
Insert into GROUP2USER.GENRESONGS (GENRESONGSID,SPOTIFYID,GENREID) values (104,37,24);
Insert into GROUP2USER.GENRESONGS (GENRESONGSID,SPOTIFYID,GENREID) values (105,37,26);
Insert into GROUP2USER.GENRESONGS (GENRESONGSID,SPOTIFYID,GENREID) values (106,37,31);
Insert into GROUP2USER.GENRESONGS (GENRESONGSID,SPOTIFYID,GENREID) values (107,37,33);
Insert into GROUP2USER.GENRESONGS (GENRESONGSID,SPOTIFYID,GENREID) values (108,37,35);
Insert into GROUP2USER.GENRESONGS (GENRESONGSID,SPOTIFYID,GENREID) values (109,38,9);
Insert into GROUP2USER.GENRESONGS (GENRESONGSID,SPOTIFYID,GENREID) values (110,38,53);
Insert into GROUP2USER.GENRESONGS (GENRESONGSID,SPOTIFYID,GENREID) values (111,39,12);
Insert into GROUP2USER.GENRESONGS (GENRESONGSID,SPOTIFYID,GENREID) values (112,39,76);
Insert into GROUP2USER.GENRESONGS (GENRESONGSID,SPOTIFYID,GENREID) values (113,40,53);
Insert into GROUP2USER.GENRESONGS (GENRESONGSID,SPOTIFYID,GENREID) values (114,40,64);
Insert into GROUP2USER.GENRESONGS (GENRESONGSID,SPOTIFYID,GENREID) values (115,40,71);
Insert into GROUP2USER.GENRESONGS (GENRESONGSID,SPOTIFYID,GENREID) values (116,41,12);
Insert into GROUP2USER.GENRESONGS (GENRESONGSID,SPOTIFYID,GENREID) values (117,41,27);
Insert into GROUP2USER.GENRESONGS (GENRESONGSID,SPOTIFYID,GENREID) values (118,41,54);
Insert into GROUP2USER.GENRESONGS (GENRESONGSID,SPOTIFYID,GENREID) values (119,41,58);
Insert into GROUP2USER.GENRESONGS (GENRESONGSID,SPOTIFYID,GENREID) values (120,42,51);
Insert into GROUP2USER.GENRESONGS (GENRESONGSID,SPOTIFYID,GENREID) values (121,42,56);
Insert into GROUP2USER.GENRESONGS (GENRESONGSID,SPOTIFYID,GENREID) values (122,43,12);
Insert into GROUP2USER.GENRESONGS (GENRESONGSID,SPOTIFYID,GENREID) values (123,43,16);
Insert into GROUP2USER.GENRESONGS (GENRESONGSID,SPOTIFYID,GENREID) values (124,43,18);
Insert into GROUP2USER.GENRESONGS (GENRESONGSID,SPOTIFYID,GENREID) values (125,43,19);
Insert into GROUP2USER.GENRESONGS (GENRESONGSID,SPOTIFYID,GENREID) values (126,43,23);
Insert into GROUP2USER.GENRESONGS (GENRESONGSID,SPOTIFYID,GENREID) values (127,43,40);
Insert into GROUP2USER.GENRESONGS (GENRESONGSID,SPOTIFYID,GENREID) values (128,44,6);
Insert into GROUP2USER.GENRESONGS (GENRESONGSID,SPOTIFYID,GENREID) values (129,44,12);
Insert into GROUP2USER.GENRESONGS (GENRESONGSID,SPOTIFYID,GENREID) values (130,44,18);
Insert into GROUP2USER.GENRESONGS (GENRESONGSID,SPOTIFYID,GENREID) values (131,45,9);
Insert into GROUP2USER.GENRESONGS (GENRESONGSID,SPOTIFYID,GENREID) values (132,46,4);
Insert into GROUP2USER.GENRESONGS (GENRESONGSID,SPOTIFYID,GENREID) values (133,46,5);
Insert into GROUP2USER.GENRESONGS (GENRESONGSID,SPOTIFYID,GENREID) values (134,46,6);
Insert into GROUP2USER.GENRESONGS (GENRESONGSID,SPOTIFYID,GENREID) values (135,46,7);
Insert into GROUP2USER.GENRESONGS (GENRESONGSID,SPOTIFYID,GENREID) values (136,46,8);
Insert into GROUP2USER.GENRESONGS (GENRESONGSID,SPOTIFYID,GENREID) values (137,46,9);
Insert into GROUP2USER.GENRESONGS (GENRESONGSID,SPOTIFYID,GENREID) values (138,46,11);
Insert into GROUP2USER.GENRESONGS (GENRESONGSID,SPOTIFYID,GENREID) values (139,46,14);
Insert into GROUP2USER.GENRESONGS (GENRESONGSID,SPOTIFYID,GENREID) values (140,47,51);
Insert into GROUP2USER.GENRESONGS (GENRESONGSID,SPOTIFYID,GENREID) values (141,47,60);
Insert into GROUP2USER.GENRESONGS (GENRESONGSID,SPOTIFYID,GENREID) values (142,48,12);
Insert into GROUP2USER.GENRESONGS (GENRESONGSID,SPOTIFYID,GENREID) values (143,48,13);
Insert into GROUP2USER.GENRESONGS (GENRESONGSID,SPOTIFYID,GENREID) values (144,48,16);
Insert into GROUP2USER.GENRESONGS (GENRESONGSID,SPOTIFYID,GENREID) values (145,48,18);
Insert into GROUP2USER.GENRESONGS (GENRESONGSID,SPOTIFYID,GENREID) values (146,48,19);
Insert into GROUP2USER.GENRESONGS (GENRESONGSID,SPOTIFYID,GENREID) values (147,48,28);
Insert into GROUP2USER.GENRESONGS (GENRESONGSID,SPOTIFYID,GENREID) values (148,48,34);
Insert into GROUP2USER.GENRESONGS (GENRESONGSID,SPOTIFYID,GENREID) values (149,49,85);
Insert into GROUP2USER.GENRESONGS (GENRESONGSID,SPOTIFYID,GENREID) values (150,50,12);
Insert into GROUP2USER.GENRESONGS (GENRESONGSID,SPOTIFYID,GENREID) values (151,50,13);
Insert into GROUP2USER.GENRESONGS (GENRESONGSID,SPOTIFYID,GENREID) values (152,50,16);
Insert into GROUP2USER.GENRESONGS (GENRESONGSID,SPOTIFYID,GENREID) values (153,50,18);
Insert into GROUP2USER.GENRESONGS (GENRESONGSID,SPOTIFYID,GENREID) values (154,50,19);
Insert into GROUP2USER.GENRESONGS (GENRESONGSID,SPOTIFYID,GENREID) values (155,50,28);
Insert into GROUP2USER.GENRESONGS (GENRESONGSID,SPOTIFYID,GENREID) values (156,50,34);
Insert into GROUP2USER.GENRESONGS (GENRESONGSID,SPOTIFYID,GENREID) values (157,51,70);
Insert into GROUP2USER.GENRESONGS (GENRESONGSID,SPOTIFYID,GENREID) values (158,51,81);
Insert into GROUP2USER.GENRESONGS (GENRESONGSID,SPOTIFYID,GENREID) values (159,52,9);
Insert into GROUP2USER.GENRESONGS (GENRESONGSID,SPOTIFYID,GENREID) values (160,53,70);
Insert into GROUP2USER.GENRESONGS (GENRESONGSID,SPOTIFYID,GENREID) values (161,54,12);
Insert into GROUP2USER.GENRESONGS (GENRESONGSID,SPOTIFYID,GENREID) values (162,54,50);
Insert into GROUP2USER.GENRESONGS (GENRESONGSID,SPOTIFYID,GENREID) values (163,54,55);
Insert into GROUP2USER.GENRESONGS (GENRESONGSID,SPOTIFYID,GENREID) values (164,54,59);
Insert into GROUP2USER.GENRESONGS (GENRESONGSID,SPOTIFYID,GENREID) values (165,55,21);
Insert into GROUP2USER.GENRESONGS (GENRESONGSID,SPOTIFYID,GENREID) values (166,55,24);
Insert into GROUP2USER.GENRESONGS (GENRESONGSID,SPOTIFYID,GENREID) values (167,55,26);
Insert into GROUP2USER.GENRESONGS (GENRESONGSID,SPOTIFYID,GENREID) values (168,55,31);
Insert into GROUP2USER.GENRESONGS (GENRESONGSID,SPOTIFYID,GENREID) values (169,55,32);
Insert into GROUP2USER.GENRESONGS (GENRESONGSID,SPOTIFYID,GENREID) values (170,55,35);
Insert into GROUP2USER.GENRESONGS (GENRESONGSID,SPOTIFYID,GENREID) values (171,55,37);
Insert into GROUP2USER.GENRESONGS (GENRESONGSID,SPOTIFYID,GENREID) values (172,56,21);
Insert into GROUP2USER.GENRESONGS (GENRESONGSID,SPOTIFYID,GENREID) values (173,56,24);
Insert into GROUP2USER.GENRESONGS (GENRESONGSID,SPOTIFYID,GENREID) values (174,56,26);
Insert into GROUP2USER.GENRESONGS (GENRESONGSID,SPOTIFYID,GENREID) values (175,56,31);
Insert into GROUP2USER.GENRESONGS (GENRESONGSID,SPOTIFYID,GENREID) values (176,56,33);
Insert into GROUP2USER.GENRESONGS (GENRESONGSID,SPOTIFYID,GENREID) values (177,56,35);
Insert into GROUP2USER.GENRESONGS (GENRESONGSID,SPOTIFYID,GENREID) values (178,57,5);
Insert into GROUP2USER.GENRESONGS (GENRESONGSID,SPOTIFYID,GENREID) values (179,57,8);
Insert into GROUP2USER.GENRESONGS (GENRESONGSID,SPOTIFYID,GENREID) values (180,57,11);
Insert into GROUP2USER.GENRESONGS (GENRESONGSID,SPOTIFYID,GENREID) values (181,57,15);
Insert into GROUP2USER.GENRESONGS (GENRESONGSID,SPOTIFYID,GENREID) values (182,57,17);
Insert into GROUP2USER.GENRESONGS (GENRESONGSID,SPOTIFYID,GENREID) values (183,57,21);
Insert into GROUP2USER.GENRESONGS (GENRESONGSID,SPOTIFYID,GENREID) values (184,57,24);
Insert into GROUP2USER.GENRESONGS (GENRESONGSID,SPOTIFYID,GENREID) values (185,57,26);
Insert into GROUP2USER.GENRESONGS (GENRESONGSID,SPOTIFYID,GENREID) values (186,58,65);
Insert into GROUP2USER.GENRESONGS (GENRESONGSID,SPOTIFYID,GENREID) values (187,58,68);
Insert into GROUP2USER.GENRESONGS (GENRESONGSID,SPOTIFYID,GENREID) values (188,58,72);
Insert into GROUP2USER.GENRESONGS (GENRESONGSID,SPOTIFYID,GENREID) values (189,59,9);
Insert into GROUP2USER.GENRESONGS (GENRESONGSID,SPOTIFYID,GENREID) values (190,60,12);
Insert into GROUP2USER.GENRESONGS (GENRESONGSID,SPOTIFYID,GENREID) values (191,60,16);
Insert into GROUP2USER.GENRESONGS (GENRESONGSID,SPOTIFYID,GENREID) values (192,60,19);
Insert into GROUP2USER.GENRESONGS (GENRESONGSID,SPOTIFYID,GENREID) values (193,60,22);
Insert into GROUP2USER.GENRESONGS (GENRESONGSID,SPOTIFYID,GENREID) values (194,61,21);
Insert into GROUP2USER.GENRESONGS (GENRESONGSID,SPOTIFYID,GENREID) values (195,62,51);
Insert into GROUP2USER.GENRESONGS (GENRESONGSID,SPOTIFYID,GENREID) values (196,62,75);
Insert into GROUP2USER.GENRESONGS (GENRESONGSID,SPOTIFYID,GENREID) values (197,64,9);
Insert into GROUP2USER.GENRESONGS (GENRESONGSID,SPOTIFYID,GENREID) values (198,64,12);
Insert into GROUP2USER.GENRESONGS (GENRESONGSID,SPOTIFYID,GENREID) values (199,64,43);
Insert into GROUP2USER.GENRESONGS (GENRESONGSID,SPOTIFYID,GENREID) values (200,64,45);
Insert into GROUP2USER.GENRESONGS (GENRESONGSID,SPOTIFYID,GENREID) values (201,65,51);
Insert into GROUP2USER.GENRESONGS (GENRESONGSID,SPOTIFYID,GENREID) values (202,66,86);
Insert into GROUP2USER.GENRESONGS (GENRESONGSID,SPOTIFYID,GENREID) values (203,67,51);
Insert into GROUP2USER.GENRESONGS (GENRESONGSID,SPOTIFYID,GENREID) values (204,67,70);
Insert into GROUP2USER.GENRESONGS (GENRESONGSID,SPOTIFYID,GENREID) values (205,68,51);
Insert into GROUP2USER.GENRESONGS (GENRESONGSID,SPOTIFYID,GENREID) values (206,68,56);
Insert into GROUP2USER.GENRESONGS (GENRESONGSID,SPOTIFYID,GENREID) values (207,68,60);
Insert into GROUP2USER.GENRESONGS (GENRESONGSID,SPOTIFYID,GENREID) values (208,69,70);
Insert into GROUP2USER.GENRESONGS (GENRESONGSID,SPOTIFYID,GENREID) values (209,70,4);
Insert into GROUP2USER.GENRESONGS (GENRESONGSID,SPOTIFYID,GENREID) values (210,70,5);
Insert into GROUP2USER.GENRESONGS (GENRESONGSID,SPOTIFYID,GENREID) values (211,70,9);
Insert into GROUP2USER.GENRESONGS (GENRESONGSID,SPOTIFYID,GENREID) values (212,70,11);
Insert into GROUP2USER.GENRESONGS (GENRESONGSID,SPOTIFYID,GENREID) values (213,70,38);
Insert into GROUP2USER.GENRESONGS (GENRESONGSID,SPOTIFYID,GENREID) values (214,70,39);
Insert into GROUP2USER.GENRESONGS (GENRESONGSID,SPOTIFYID,GENREID) values (215,71,21);
Insert into GROUP2USER.GENRESONGS (GENRESONGSID,SPOTIFYID,GENREID) values (216,71,24);
Insert into GROUP2USER.GENRESONGS (GENRESONGSID,SPOTIFYID,GENREID) values (217,71,26);
Insert into GROUP2USER.GENRESONGS (GENRESONGSID,SPOTIFYID,GENREID) values (218,71,31);
Insert into GROUP2USER.GENRESONGS (GENRESONGSID,SPOTIFYID,GENREID) values (219,71,32);
Insert into GROUP2USER.GENRESONGS (GENRESONGSID,SPOTIFYID,GENREID) values (220,71,33);
Insert into GROUP2USER.GENRESONGS (GENRESONGSID,SPOTIFYID,GENREID) values (221,71,35);
Insert into GROUP2USER.GENRESONGS (GENRESONGSID,SPOTIFYID,GENREID) values (222,72,12);
Insert into GROUP2USER.GENRESONGS (GENRESONGSID,SPOTIFYID,GENREID) values (223,72,16);
Insert into GROUP2USER.GENRESONGS (GENRESONGSID,SPOTIFYID,GENREID) values (224,72,18);
Insert into GROUP2USER.GENRESONGS (GENRESONGSID,SPOTIFYID,GENREID) values (225,72,19);
Insert into GROUP2USER.GENRESONGS (GENRESONGSID,SPOTIFYID,GENREID) values (226,72,20);
Insert into GROUP2USER.GENRESONGS (GENRESONGSID,SPOTIFYID,GENREID) values (227,72,22);
Insert into GROUP2USER.GENRESONGS (GENRESONGSID,SPOTIFYID,GENREID) values (228,72,25);
Insert into GROUP2USER.GENRESONGS (GENRESONGSID,SPOTIFYID,GENREID) values (229,72,27);
Insert into GROUP2USER.GENRESONGS (GENRESONGSID,SPOTIFYID,GENREID) values (230,73,51);
Insert into GROUP2USER.GENRESONGS (GENRESONGSID,SPOTIFYID,GENREID) values (231,73,56);
Insert into GROUP2USER.GENRESONGS (GENRESONGSID,SPOTIFYID,GENREID) values (232,73,60);
Insert into GROUP2USER.GENRESONGS (GENRESONGSID,SPOTIFYID,GENREID) values (233,73,63);
Insert into GROUP2USER.GENRESONGS (GENRESONGSID,SPOTIFYID,GENREID) values (234,74,51);
Insert into GROUP2USER.GENRESONGS (GENRESONGSID,SPOTIFYID,GENREID) values (235,75,51);
Insert into GROUP2USER.GENRESONGS (GENRESONGSID,SPOTIFYID,GENREID) values (236,75,56);
Insert into GROUP2USER.GENRESONGS (GENRESONGSID,SPOTIFYID,GENREID) values (237,75,60);
Insert into GROUP2USER.GENRESONGS (GENRESONGSID,SPOTIFYID,GENREID) values (238,75,63);
Insert into GROUP2USER.GENRESONGS (GENRESONGSID,SPOTIFYID,GENREID) values (239,76,21);
Insert into GROUP2USER.GENRESONGS (GENRESONGSID,SPOTIFYID,GENREID) values (240,76,24);
Insert into GROUP2USER.GENRESONGS (GENRESONGSID,SPOTIFYID,GENREID) values (241,76,26);
Insert into GROUP2USER.GENRESONGS (GENRESONGSID,SPOTIFYID,GENREID) values (242,76,29);
Insert into GROUP2USER.GENRESONGS (GENRESONGSID,SPOTIFYID,GENREID) values (243,76,33);
Insert into GROUP2USER.GENRESONGS (GENRESONGSID,SPOTIFYID,GENREID) values (244,76,35);
Insert into GROUP2USER.GENRESONGS (GENRESONGSID,SPOTIFYID,GENREID) values (245,76,37);
Insert into GROUP2USER.GENRESONGS (GENRESONGSID,SPOTIFYID,GENREID) values (246,77,24);
Insert into GROUP2USER.GENRESONGS (GENRESONGSID,SPOTIFYID,GENREID) values (247,77,26);
Insert into GROUP2USER.GENRESONGS (GENRESONGSID,SPOTIFYID,GENREID) values (248,77,37);
Insert into GROUP2USER.GENRESONGS (GENRESONGSID,SPOTIFYID,GENREID) values (249,79,42);
Insert into GROUP2USER.GENRESONGS (GENRESONGSID,SPOTIFYID,GENREID) values (250,80,51);
Insert into GROUP2USER.GENRESONGS (GENRESONGSID,SPOTIFYID,GENREID) values (251,80,56);
Insert into GROUP2USER.GENRESONGS (GENRESONGSID,SPOTIFYID,GENREID) values (252,80,60);
Insert into GROUP2USER.GENRESONGS (GENRESONGSID,SPOTIFYID,GENREID) values (253,81,21);
Insert into GROUP2USER.GENRESONGS (GENRESONGSID,SPOTIFYID,GENREID) values (254,81,24);
Insert into GROUP2USER.GENRESONGS (GENRESONGSID,SPOTIFYID,GENREID) values (255,81,26);
Insert into GROUP2USER.GENRESONGS (GENRESONGSID,SPOTIFYID,GENREID) values (256,81,31);
Insert into GROUP2USER.GENRESONGS (GENRESONGSID,SPOTIFYID,GENREID) values (257,81,32);
Insert into GROUP2USER.GENRESONGS (GENRESONGSID,SPOTIFYID,GENREID) values (258,81,35);
Insert into GROUP2USER.GENRESONGS (GENRESONGSID,SPOTIFYID,GENREID) values (259,82,77);
Insert into GROUP2USER.GENRESONGS (GENRESONGSID,SPOTIFYID,GENREID) values (260,82,82);
Insert into GROUP2USER.GENRESONGS (GENRESONGSID,SPOTIFYID,GENREID) values (261,83,51);
Insert into GROUP2USER.GENRESONGS (GENRESONGSID,SPOTIFYID,GENREID) values (262,84,7);
Insert into GROUP2USER.GENRESONGS (GENRESONGSID,SPOTIFYID,GENREID) values (263,84,9);
Insert into GROUP2USER.GENRESONGS (GENRESONGSID,SPOTIFYID,GENREID) values (264,84,66);
Insert into GROUP2USER.GENRESONGS (GENRESONGSID,SPOTIFYID,GENREID) values (265,85,4);
Insert into GROUP2USER.GENRESONGS (GENRESONGSID,SPOTIFYID,GENREID) values (266,85,5);
Insert into GROUP2USER.GENRESONGS (GENRESONGSID,SPOTIFYID,GENREID) values (267,85,6);
Insert into GROUP2USER.GENRESONGS (GENRESONGSID,SPOTIFYID,GENREID) values (268,85,11);
Insert into GROUP2USER.GENRESONGS (GENRESONGSID,SPOTIFYID,GENREID) values (269,85,14);
Insert into GROUP2USER.GENRESONGS (GENRESONGSID,SPOTIFYID,GENREID) values (270,85,30);
Insert into GROUP2USER.GENRESONGS (GENRESONGSID,SPOTIFYID,GENREID) values (271,85,36);
Insert into GROUP2USER.GENRESONGS (GENRESONGSID,SPOTIFYID,GENREID) values (272,86,57);
Insert into GROUP2USER.GENRESONGS (GENRESONGSID,SPOTIFYID,GENREID) values (273,86,69);
Insert into GROUP2USER.GENRESONGS (GENRESONGSID,SPOTIFYID,GENREID) values (274,86,73);
Insert into GROUP2USER.GENRESONGS (GENRESONGSID,SPOTIFYID,GENREID) values (275,87,6);
Insert into GROUP2USER.GENRESONGS (GENRESONGSID,SPOTIFYID,GENREID) values (276,88,9);
Insert into GROUP2USER.GENRESONGS (GENRESONGSID,SPOTIFYID,GENREID) values (277,88,78);
Insert into GROUP2USER.GENRESONGS (GENRESONGSID,SPOTIFYID,GENREID) values (278,89,9);
Insert into GROUP2USER.GENRESONGS (GENRESONGSID,SPOTIFYID,GENREID) values (279,89,79);
Insert into GROUP2USER.GENRESONGS (GENRESONGSID,SPOTIFYID,GENREID) values (280,90,12);
Insert into GROUP2USER.GENRESONGS (GENRESONGSID,SPOTIFYID,GENREID) values (281,90,16);
Insert into GROUP2USER.GENRESONGS (GENRESONGSID,SPOTIFYID,GENREID) values (282,90,19);
Insert into GROUP2USER.GENRESONGS (GENRESONGSID,SPOTIFYID,GENREID) values (283,90,22);
Insert into GROUP2USER.GENRESONGS (GENRESONGSID,SPOTIFYID,GENREID) values (284,91,47);
Insert into GROUP2USER.GENRESONGS (GENRESONGSID,SPOTIFYID,GENREID) values (285,92,18);
Insert into GROUP2USER.GENRESONGS (GENRESONGSID,SPOTIFYID,GENREID) values (286,92,59);
Insert into GROUP2USER.GENRESONGS (GENRESONGSID,SPOTIFYID,GENREID) values (287,93,21);
Insert into GROUP2USER.GENRESONGS (GENRESONGSID,SPOTIFYID,GENREID) values (288,93,24);
Insert into GROUP2USER.GENRESONGS (GENRESONGSID,SPOTIFYID,GENREID) values (289,93,26);
Insert into GROUP2USER.GENRESONGS (GENRESONGSID,SPOTIFYID,GENREID) values (290,93,32);
Insert into GROUP2USER.GENRESONGS (GENRESONGSID,SPOTIFYID,GENREID) values (291,93,37);
Insert into GROUP2USER.GENRESONGS (GENRESONGSID,SPOTIFYID,GENREID) values (292,94,51);
Insert into GROUP2USER.GENRESONGS (GENRESONGSID,SPOTIFYID,GENREID) values (293,95,12);
Insert into GROUP2USER.GENRESONGS (GENRESONGSID,SPOTIFYID,GENREID) values (294,95,16);
Insert into GROUP2USER.GENRESONGS (GENRESONGSID,SPOTIFYID,GENREID) values (295,95,19);
Insert into GROUP2USER.GENRESONGS (GENRESONGSID,SPOTIFYID,GENREID) values (296,95,27);
Insert into GROUP2USER.GENRESONGS (GENRESONGSID,SPOTIFYID,GENREID) values (297,96,12);
Insert into GROUP2USER.GENRESONGS (GENRESONGSID,SPOTIFYID,GENREID) values (298,96,50);
Insert into GROUP2USER.GENRESONGS (GENRESONGSID,SPOTIFYID,GENREID) values (299,96,55);
Insert into GROUP2USER.GENRESONGS (GENRESONGSID,SPOTIFYID,GENREID) values (300,96,59);
Insert into GROUP2USER.GENRESONGS (GENRESONGSID,SPOTIFYID,GENREID) values (301,97,51);
Insert into GROUP2USER.GENRESONGS (GENRESONGSID,SPOTIFYID,GENREID) values (302,97,56);
Insert into GROUP2USER.GENRESONGS (GENRESONGSID,SPOTIFYID,GENREID) values (303,98,1);
Insert into GROUP2USER.GENRESONGS (GENRESONGSID,SPOTIFYID,GENREID) values (304,98,2);
Insert into GROUP2USER.GENRESONGS (GENRESONGSID,SPOTIFYID,GENREID) values (305,98,3);
Insert into GROUP2USER.GENRESONGS (GENRESONGSID,SPOTIFYID,GENREID) values (306,98,4);
Insert into GROUP2USER.GENRESONGS (GENRESONGSID,SPOTIFYID,GENREID) values (307,98,5);
Insert into GROUP2USER.GENRESONGS (GENRESONGSID,SPOTIFYID,GENREID) values (308,98,6);
Insert into GROUP2USER.GENRESONGS (GENRESONGSID,SPOTIFYID,GENREID) values (309,98,7);
Insert into GROUP2USER.GENRESONGS (GENRESONGSID,SPOTIFYID,GENREID) values (310,98,8);
Insert into GROUP2USER.GENRESONGS (GENRESONGSID,SPOTIFYID,GENREID) values (311,98,9);
Insert into GROUP2USER.GENRESONGS (GENRESONGSID,SPOTIFYID,GENREID) values (312,99,9);
Insert into GROUP2USER.GENRESONGS (GENRESONGSID,SPOTIFYID,GENREID) values (313,99,12);
Insert into GROUP2USER.GENRESONGS (GENRESONGSID,SPOTIFYID,GENREID) values (314,99,13);
Insert into GROUP2USER.GENRESONGS (GENRESONGSID,SPOTIFYID,GENREID) values (315,99,16);
Insert into GROUP2USER.GENRESONGS (GENRESONGSID,SPOTIFYID,GENREID) values (316,99,18);
Insert into GROUP2USER.GENRESONGS (GENRESONGSID,SPOTIFYID,GENREID) values (317,99,19);
Insert into GROUP2USER.GENRESONGS (GENRESONGSID,SPOTIFYID,GENREID) values (318,99,23);
Insert into GROUP2USER.GENRESONGS (GENRESONGSID,SPOTIFYID,GENREID) values (319,100,67);
Insert into GROUP2USER.GENRESONGS (GENRESONGSID,SPOTIFYID,GENREID) values (320,100,70);
Insert into GROUP2USER.GENRESONGS (GENRESONGSID,SPOTIFYID,GENREID) values (321,100,73);
REM INSERTING into GROUP2USER.PLAYLISTNAME
SET DEFINE OFF;
Insert into GROUP2USER.PLAYLISTNAME (PLAYLISTNAMEID,PLAYLISTNAME) values (1007,'bbbb');
Insert into GROUP2USER.PLAYLISTNAME (PLAYLISTNAMEID,PLAYLISTNAME) values (1008,'Test');
Insert into GROUP2USER.PLAYLISTNAME (PLAYLISTNAMEID,PLAYLISTNAME) values (1011,'Playlist111');
Insert into GROUP2USER.PLAYLISTNAME (PLAYLISTNAMEID,PLAYLISTNAME) values (1012,'Xing');
Insert into GROUP2USER.PLAYLISTNAME (PLAYLISTNAMEID,PLAYLISTNAME) values (1,'23');
Insert into GROUP2USER.PLAYLISTNAME (PLAYLISTNAMEID,PLAYLISTNAME) values (2,'Summer Vibes');
Insert into GROUP2USER.PLAYLISTNAME (PLAYLISTNAMEID,PLAYLISTNAME) values (3,'Dance Floor');
Insert into GROUP2USER.PLAYLISTNAME (PLAYLISTNAMEID,PLAYLISTNAME) values (4,'Divas');
Insert into GROUP2USER.PLAYLISTNAME (PLAYLISTNAMEID,PLAYLISTNAME) values (5,'Road Trip');
Insert into GROUP2USER.PLAYLISTNAME (PLAYLISTNAMEID,PLAYLISTNAME) values (6,'Love Struck');
Insert into GROUP2USER.PLAYLISTNAME (PLAYLISTNAMEID,PLAYLISTNAME) values (7,'Favorite');
Insert into GROUP2USER.PLAYLISTNAME (PLAYLISTNAMEID,PLAYLISTNAME) values (8,'Work Out');
Insert into GROUP2USER.PLAYLISTNAME (PLAYLISTNAMEID,PLAYLISTNAME) values (9,'Classical');
Insert into GROUP2USER.PLAYLISTNAME (PLAYLISTNAMEID,PLAYLISTNAME) values (10,'Cheer Ups');
Insert into GROUP2USER.PLAYLISTNAME (PLAYLISTNAMEID,PLAYLISTNAME) values (11,'22');
Insert into GROUP2USER.PLAYLISTNAME (PLAYLISTNAMEID,PLAYLISTNAME) values (12,'TTTTTT');
Insert into GROUP2USER.PLAYLISTNAME (PLAYLISTNAMEID,PLAYLISTNAME) values (15,'Test1');
Insert into GROUP2USER.PLAYLISTNAME (PLAYLISTNAMEID,PLAYLISTNAME) values (16,'BBB');
Insert into GROUP2USER.PLAYLISTNAME (PLAYLISTNAMEID,PLAYLISTNAME) values (32,'TTTT');
Insert into GROUP2USER.PLAYLISTNAME (PLAYLISTNAMEID,PLAYLISTNAME) values (34,'wrw');
Insert into GROUP2USER.PLAYLISTNAME (PLAYLISTNAMEID,PLAYLISTNAME) values (55,'ddd');
Insert into GROUP2USER.PLAYLISTNAME (PLAYLISTNAMEID,PLAYLISTNAME) values (1000,'hpYYY');
Insert into GROUP2USER.PLAYLISTNAME (PLAYLISTNAMEID,PLAYLISTNAME) values (1001,'RickT');
REM INSERTING into GROUP2USER.PLAYLISTNAME_PLAYLIST
SET DEFINE OFF;
Insert into GROUP2USER.PLAYLISTNAME_PLAYLIST (PLAYLISTNAME_PLAYLISTID,STARTTIME,ENDTIME,PLAYLISTID,PLAYLISTNAMEID) values (1002,to_date('23-08-02','RR-MM-DD'),null,1002,1007);
Insert into GROUP2USER.PLAYLISTNAME_PLAYLIST (PLAYLISTNAME_PLAYLISTID,STARTTIME,ENDTIME,PLAYLISTID,PLAYLISTNAMEID) values (1003,to_date('23-08-02','RR-MM-DD'),null,1004,1008);
Insert into GROUP2USER.PLAYLISTNAME_PLAYLIST (PLAYLISTNAME_PLAYLISTID,STARTTIME,ENDTIME,PLAYLISTID,PLAYLISTNAMEID) values (1004,to_date('23-08-02','RR-MM-DD'),null,15,1011);
Insert into GROUP2USER.PLAYLISTNAME_PLAYLIST (PLAYLISTNAME_PLAYLISTID,STARTTIME,ENDTIME,PLAYLISTID,PLAYLISTNAMEID) values (1005,to_date('23-08-02','RR-MM-DD'),null,34,1012);
Insert into GROUP2USER.PLAYLISTNAME_PLAYLIST (PLAYLISTNAME_PLAYLISTID,STARTTIME,ENDTIME,PLAYLISTID,PLAYLISTNAMEID) values (1,to_date('20-12-24','RR-MM-DD'),null,1,1);
Insert into GROUP2USER.PLAYLISTNAME_PLAYLIST (PLAYLISTNAME_PLAYLISTID,STARTTIME,ENDTIME,PLAYLISTID,PLAYLISTNAMEID) values (2,to_date('20-12-24','RR-MM-DD'),null,2,2);
Insert into GROUP2USER.PLAYLISTNAME_PLAYLIST (PLAYLISTNAME_PLAYLISTID,STARTTIME,ENDTIME,PLAYLISTID,PLAYLISTNAMEID) values (3,to_date('20-12-24','RR-MM-DD'),null,3,3);
Insert into GROUP2USER.PLAYLISTNAME_PLAYLIST (PLAYLISTNAME_PLAYLISTID,STARTTIME,ENDTIME,PLAYLISTID,PLAYLISTNAMEID) values (4,to_date('20-12-24','RR-MM-DD'),null,4,4);
Insert into GROUP2USER.PLAYLISTNAME_PLAYLIST (PLAYLISTNAME_PLAYLISTID,STARTTIME,ENDTIME,PLAYLISTID,PLAYLISTNAMEID) values (5,to_date('20-12-24','RR-MM-DD'),null,5,5);
Insert into GROUP2USER.PLAYLISTNAME_PLAYLIST (PLAYLISTNAME_PLAYLISTID,STARTTIME,ENDTIME,PLAYLISTID,PLAYLISTNAMEID) values (6,to_date('20-12-24','RR-MM-DD'),null,6,6);
Insert into GROUP2USER.PLAYLISTNAME_PLAYLIST (PLAYLISTNAME_PLAYLISTID,STARTTIME,ENDTIME,PLAYLISTID,PLAYLISTNAMEID) values (7,to_date('20-12-24','RR-MM-DD'),null,7,7);
Insert into GROUP2USER.PLAYLISTNAME_PLAYLIST (PLAYLISTNAME_PLAYLISTID,STARTTIME,ENDTIME,PLAYLISTID,PLAYLISTNAMEID) values (8,to_date('20-12-24','RR-MM-DD'),null,8,8);
Insert into GROUP2USER.PLAYLISTNAME_PLAYLIST (PLAYLISTNAME_PLAYLISTID,STARTTIME,ENDTIME,PLAYLISTID,PLAYLISTNAMEID) values (9,to_date('20-12-24','RR-MM-DD'),null,9,9);
Insert into GROUP2USER.PLAYLISTNAME_PLAYLIST (PLAYLISTNAME_PLAYLISTID,STARTTIME,ENDTIME,PLAYLISTID,PLAYLISTNAMEID) values (10,to_date('20-12-24','RR-MM-DD'),null,10,10);
Insert into GROUP2USER.PLAYLISTNAME_PLAYLIST (PLAYLISTNAME_PLAYLISTID,STARTTIME,ENDTIME,PLAYLISTID,PLAYLISTNAMEID) values (11,to_date('20-12-24','RR-MM-DD'),null,11,11);
Insert into GROUP2USER.PLAYLISTNAME_PLAYLIST (PLAYLISTNAME_PLAYLISTID,STARTTIME,ENDTIME,PLAYLISTID,PLAYLISTNAMEID) values (12,to_date('20-12-24','RR-MM-DD'),null,12,12);
Insert into GROUP2USER.PLAYLISTNAME_PLAYLIST (PLAYLISTNAME_PLAYLISTID,STARTTIME,ENDTIME,PLAYLISTID,PLAYLISTNAMEID) values (13,to_date('20-12-24','RR-MM-DD'),to_date('23-08-02','RR-MM-DD'),15,15);
Insert into GROUP2USER.PLAYLISTNAME_PLAYLIST (PLAYLISTNAME_PLAYLISTID,STARTTIME,ENDTIME,PLAYLISTID,PLAYLISTNAMEID) values (14,to_date('20-12-24','RR-MM-DD'),null,16,16);
Insert into GROUP2USER.PLAYLISTNAME_PLAYLIST (PLAYLISTNAME_PLAYLISTID,STARTTIME,ENDTIME,PLAYLISTID,PLAYLISTNAMEID) values (15,to_date('20-12-24','RR-MM-DD'),null,32,32);
Insert into GROUP2USER.PLAYLISTNAME_PLAYLIST (PLAYLISTNAME_PLAYLISTID,STARTTIME,ENDTIME,PLAYLISTID,PLAYLISTNAMEID) values (16,to_date('20-12-24','RR-MM-DD'),to_date('23-08-02','RR-MM-DD'),34,34);
Insert into GROUP2USER.PLAYLISTNAME_PLAYLIST (PLAYLISTNAME_PLAYLISTID,STARTTIME,ENDTIME,PLAYLISTID,PLAYLISTNAMEID) values (17,to_date('20-12-24','RR-MM-DD'),null,55,55);
Insert into GROUP2USER.PLAYLISTNAME_PLAYLIST (PLAYLISTNAME_PLAYLISTID,STARTTIME,ENDTIME,PLAYLISTID,PLAYLISTNAMEID) values (1000,to_date('23-07-26','RR-MM-DD'),to_date('23-07-26','RR-MM-DD'),1001,1000);
Insert into GROUP2USER.PLAYLISTNAME_PLAYLIST (PLAYLISTNAME_PLAYLISTID,STARTTIME,ENDTIME,PLAYLISTID,PLAYLISTNAMEID) values (1001,to_date('23-07-26','RR-MM-DD'),null,1001,1001);
REM INSERTING into GROUP2USER.PLAYLISTS
SET DEFINE OFF;
Insert into GROUP2USER.PLAYLISTS (PLAYLISTID,OWNERID,ISPUBLIC,ISCOLLABORATIVE) values (1002,1,-1,-1);
Insert into GROUP2USER.PLAYLISTS (PLAYLISTID,OWNERID,ISPUBLIC,ISCOLLABORATIVE) values (1004,3,-1,0);
Insert into GROUP2USER.PLAYLISTS (PLAYLISTID,OWNERID,ISPUBLIC,ISCOLLABORATIVE) values (1,4,0,-1);
Insert into GROUP2USER.PLAYLISTS (PLAYLISTID,OWNERID,ISPUBLIC,ISCOLLABORATIVE) values (2,1,-1,-1);
Insert into GROUP2USER.PLAYLISTS (PLAYLISTID,OWNERID,ISPUBLIC,ISCOLLABORATIVE) values (3,3,0,-1);
Insert into GROUP2USER.PLAYLISTS (PLAYLISTID,OWNERID,ISPUBLIC,ISCOLLABORATIVE) values (4,4,-1,0);
Insert into GROUP2USER.PLAYLISTS (PLAYLISTID,OWNERID,ISPUBLIC,ISCOLLABORATIVE) values (5,2,0,0);
Insert into GROUP2USER.PLAYLISTS (PLAYLISTID,OWNERID,ISPUBLIC,ISCOLLABORATIVE) values (6,2,-1,-1);
Insert into GROUP2USER.PLAYLISTS (PLAYLISTID,OWNERID,ISPUBLIC,ISCOLLABORATIVE) values (7,3,0,0);
Insert into GROUP2USER.PLAYLISTS (PLAYLISTID,OWNERID,ISPUBLIC,ISCOLLABORATIVE) values (8,1,-1,-1);
Insert into GROUP2USER.PLAYLISTS (PLAYLISTID,OWNERID,ISPUBLIC,ISCOLLABORATIVE) values (9,2,0,0);
Insert into GROUP2USER.PLAYLISTS (PLAYLISTID,OWNERID,ISPUBLIC,ISCOLLABORATIVE) values (10,1,-1,0);
Insert into GROUP2USER.PLAYLISTS (PLAYLISTID,OWNERID,ISPUBLIC,ISCOLLABORATIVE) values (11,2,-1,0);
Insert into GROUP2USER.PLAYLISTS (PLAYLISTID,OWNERID,ISPUBLIC,ISCOLLABORATIVE) values (12,5,0,0);
Insert into GROUP2USER.PLAYLISTS (PLAYLISTID,OWNERID,ISPUBLIC,ISCOLLABORATIVE) values (15,4,0,-1);
Insert into GROUP2USER.PLAYLISTS (PLAYLISTID,OWNERID,ISPUBLIC,ISCOLLABORATIVE) values (16,2,0,0);
Insert into GROUP2USER.PLAYLISTS (PLAYLISTID,OWNERID,ISPUBLIC,ISCOLLABORATIVE) values (32,5,0,0);
Insert into GROUP2USER.PLAYLISTS (PLAYLISTID,OWNERID,ISPUBLIC,ISCOLLABORATIVE) values (34,4,0,0);
Insert into GROUP2USER.PLAYLISTS (PLAYLISTID,OWNERID,ISPUBLIC,ISCOLLABORATIVE) values (55,3,0,0);
Insert into GROUP2USER.PLAYLISTS (PLAYLISTID,OWNERID,ISPUBLIC,ISCOLLABORATIVE) values (1001,2,0,-1);
REM INSERTING into GROUP2USER.POPULARITIES
SET DEFINE OFF;
Insert into GROUP2USER.POPULARITIES (POPID,POPULARITY) values (1005,85);
Insert into GROUP2USER.POPULARITIES (POPID,POPULARITY) values (1,89);
Insert into GROUP2USER.POPULARITIES (POPID,POPULARITY) values (2,92);
Insert into GROUP2USER.POPULARITIES (POPID,POPULARITY) values (3,98);
Insert into GROUP2USER.POPULARITIES (POPID,POPULARITY) values (4,99);
Insert into GROUP2USER.POPULARITIES (POPID,POPULARITY) values (5,95);
Insert into GROUP2USER.POPULARITIES (POPID,POPULARITY) values (6,96);
Insert into GROUP2USER.POPULARITIES (POPID,POPULARITY) values (7,100);
Insert into GROUP2USER.POPULARITIES (POPID,POPULARITY) values (8,93);
Insert into GROUP2USER.POPULARITIES (POPID,POPULARITY) values (9,96);
Insert into GROUP2USER.POPULARITIES (POPID,POPULARITY) values (10,78);
Insert into GROUP2USER.POPULARITIES (POPID,POPULARITY) values (11,86);
Insert into GROUP2USER.POPULARITIES (POPID,POPULARITY) values (12,99);
Insert into GROUP2USER.POPULARITIES (POPID,POPULARITY) values (13,91);
Insert into GROUP2USER.POPULARITIES (POPID,POPULARITY) values (14,89);
Insert into GROUP2USER.POPULARITIES (POPID,POPULARITY) values (15,91);
Insert into GROUP2USER.POPULARITIES (POPID,POPULARITY) values (16,85);
Insert into GROUP2USER.POPULARITIES (POPID,POPULARITY) values (17,92);
Insert into GROUP2USER.POPULARITIES (POPID,POPULARITY) values (18,80);
Insert into GROUP2USER.POPULARITIES (POPID,POPULARITY) values (19,69);
Insert into GROUP2USER.POPULARITIES (POPID,POPULARITY) values (20,92);
Insert into GROUP2USER.POPULARITIES (POPID,POPULARITY) values (21,88);
Insert into GROUP2USER.POPULARITIES (POPID,POPULARITY) values (22,90);
Insert into GROUP2USER.POPULARITIES (POPID,POPULARITY) values (23,87);
Insert into GROUP2USER.POPULARITIES (POPID,POPULARITY) values (24,94);
Insert into GROUP2USER.POPULARITIES (POPID,POPULARITY) values (25,83);
Insert into GROUP2USER.POPULARITIES (POPID,POPULARITY) values (26,76);
Insert into GROUP2USER.POPULARITIES (POPID,POPULARITY) values (27,79);
Insert into GROUP2USER.POPULARITIES (POPID,POPULARITY) values (28,71);
Insert into GROUP2USER.POPULARITIES (POPID,POPULARITY) values (29,93);
Insert into GROUP2USER.POPULARITIES (POPID,POPULARITY) values (30,78);
Insert into GROUP2USER.POPULARITIES (POPID,POPULARITY) values (31,87);
Insert into GROUP2USER.POPULARITIES (POPID,POPULARITY) values (32,91);
Insert into GROUP2USER.POPULARITIES (POPID,POPULARITY) values (33,96);
Insert into GROUP2USER.POPULARITIES (POPID,POPULARITY) values (34,92);
Insert into GROUP2USER.POPULARITIES (POPID,POPULARITY) values (35,89);
Insert into GROUP2USER.POPULARITIES (POPID,POPULARITY) values (36,91);
Insert into GROUP2USER.POPULARITIES (POPID,POPULARITY) values (37,95);
Insert into GROUP2USER.POPULARITIES (POPID,POPULARITY) values (38,89);
Insert into GROUP2USER.POPULARITIES (POPID,POPULARITY) values (39,88);
Insert into GROUP2USER.POPULARITIES (POPID,POPULARITY) values (40,80);
Insert into GROUP2USER.POPULARITIES (POPID,POPULARITY) values (41,90);
Insert into GROUP2USER.POPULARITIES (POPID,POPULARITY) values (42,80);
Insert into GROUP2USER.POPULARITIES (POPID,POPULARITY) values (43,90);
Insert into GROUP2USER.POPULARITIES (POPID,POPULARITY) values (44,94);
Insert into GROUP2USER.POPULARITIES (POPID,POPULARITY) values (45,77);
Insert into GROUP2USER.POPULARITIES (POPID,POPULARITY) values (46,84);
Insert into GROUP2USER.POPULARITIES (POPID,POPULARITY) values (47,78);
Insert into GROUP2USER.POPULARITIES (POPID,POPULARITY) values (48,85);
Insert into GROUP2USER.POPULARITIES (POPID,POPULARITY) values (49,97);
Insert into GROUP2USER.POPULARITIES (POPID,POPULARITY) values (50,90);
Insert into GROUP2USER.POPULARITIES (POPID,POPULARITY) values (51,79);
Insert into GROUP2USER.POPULARITIES (POPID,POPULARITY) values (52,88);
Insert into GROUP2USER.POPULARITIES (POPID,POPULARITY) values (53,78);
Insert into GROUP2USER.POPULARITIES (POPID,POPULARITY) values (54,82);
Insert into GROUP2USER.POPULARITIES (POPID,POPULARITY) values (55,88);
Insert into GROUP2USER.POPULARITIES (POPID,POPULARITY) values (56,95);
Insert into GROUP2USER.POPULARITIES (POPID,POPULARITY) values (57,91);
Insert into GROUP2USER.POPULARITIES (POPID,POPULARITY) values (58,77);
Insert into GROUP2USER.POPULARITIES (POPID,POPULARITY) values (59,90);
Insert into GROUP2USER.POPULARITIES (POPID,POPULARITY) values (60,84);
Insert into GROUP2USER.POPULARITIES (POPID,POPULARITY) values (61,92);
Insert into GROUP2USER.POPULARITIES (POPID,POPULARITY) values (62,77);
Insert into GROUP2USER.POPULARITIES (POPID,POPULARITY) values (63,74);
Insert into GROUP2USER.POPULARITIES (POPID,POPULARITY) values (64,83);
Insert into GROUP2USER.POPULARITIES (POPID,POPULARITY) values (65,84);
Insert into GROUP2USER.POPULARITIES (POPID,POPULARITY) values (66,79);
Insert into GROUP2USER.POPULARITIES (POPID,POPULARITY) values (67,83);
Insert into GROUP2USER.POPULARITIES (POPID,POPULARITY) values (68,70);
Insert into GROUP2USER.POPULARITIES (POPID,POPULARITY) values (69,73);
Insert into GROUP2USER.POPULARITIES (POPID,POPULARITY) values (70,96);
Insert into GROUP2USER.POPULARITIES (POPID,POPULARITY) values (71,86);
Insert into GROUP2USER.POPULARITIES (POPID,POPULARITY) values (72,90);
Insert into GROUP2USER.POPULARITIES (POPID,POPULARITY) values (73,74);
Insert into GROUP2USER.POPULARITIES (POPID,POPULARITY) values (74,79);
Insert into GROUP2USER.POPULARITIES (POPID,POPULARITY) values (75,79);
Insert into GROUP2USER.POPULARITIES (POPID,POPULARITY) values (76,91);
Insert into GROUP2USER.POPULARITIES (POPID,POPULARITY) values (77,89);
Insert into GROUP2USER.POPULARITIES (POPID,POPULARITY) values (78,85);
Insert into GROUP2USER.POPULARITIES (POPID,POPULARITY) values (79,84);
Insert into GROUP2USER.POPULARITIES (POPID,POPULARITY) values (80,81);
Insert into GROUP2USER.POPULARITIES (POPID,POPULARITY) values (81,88);
Insert into GROUP2USER.POPULARITIES (POPID,POPULARITY) values (82,86);
Insert into GROUP2USER.POPULARITIES (POPID,POPULARITY) values (83,80);
Insert into GROUP2USER.POPULARITIES (POPID,POPULARITY) values (84,77);
Insert into GROUP2USER.POPULARITIES (POPID,POPULARITY) values (85,91);
Insert into GROUP2USER.POPULARITIES (POPID,POPULARITY) values (86,91);
Insert into GROUP2USER.POPULARITIES (POPID,POPULARITY) values (87,88);
Insert into GROUP2USER.POPULARITIES (POPID,POPULARITY) values (88,82);
Insert into GROUP2USER.POPULARITIES (POPID,POPULARITY) values (89,89);
Insert into GROUP2USER.POPULARITIES (POPID,POPULARITY) values (90,79);
Insert into GROUP2USER.POPULARITIES (POPID,POPULARITY) values (91,92);
Insert into GROUP2USER.POPULARITIES (POPID,POPULARITY) values (92,83);
Insert into GROUP2USER.POPULARITIES (POPID,POPULARITY) values (93,88);
Insert into GROUP2USER.POPULARITIES (POPID,POPULARITY) values (94,81);
Insert into GROUP2USER.POPULARITIES (POPID,POPULARITY) values (95,80);
Insert into GROUP2USER.POPULARITIES (POPID,POPULARITY) values (96,78);
Insert into GROUP2USER.POPULARITIES (POPID,POPULARITY) values (97,75);
Insert into GROUP2USER.POPULARITIES (POPID,POPULARITY) values (98,95);
Insert into GROUP2USER.POPULARITIES (POPID,POPULARITY) values (99,84);
Insert into GROUP2USER.POPULARITIES (POPID,POPULARITY) values (100,80);
Insert into GROUP2USER.POPULARITIES (POPID,POPULARITY) values (1003,50);
Insert into GROUP2USER.POPULARITIES (POPID,POPULARITY) values (1004,60);
REM INSERTING into GROUP2USER.SONGPLAYLISTS
SET DEFINE OFF;
Insert into GROUP2USER.SONGPLAYLISTS (SONGPLAYLISTSID,SPOTIFYID,PLAYLISTID) values (1,1,2);
Insert into GROUP2USER.SONGPLAYLISTS (SONGPLAYLISTSID,SPOTIFYID,PLAYLISTID) values (2,1,3);
Insert into GROUP2USER.SONGPLAYLISTS (SONGPLAYLISTSID,SPOTIFYID,PLAYLISTID) values (3,1,4);
Insert into GROUP2USER.SONGPLAYLISTS (SONGPLAYLISTSID,SPOTIFYID,PLAYLISTID) values (4,1,5);
Insert into GROUP2USER.SONGPLAYLISTS (SONGPLAYLISTSID,SPOTIFYID,PLAYLISTID) values (5,1,9);
Insert into GROUP2USER.SONGPLAYLISTS (SONGPLAYLISTSID,SPOTIFYID,PLAYLISTID) values (6,2,1);
Insert into GROUP2USER.SONGPLAYLISTS (SONGPLAYLISTSID,SPOTIFYID,PLAYLISTID) values (7,2,2);
Insert into GROUP2USER.SONGPLAYLISTS (SONGPLAYLISTSID,SPOTIFYID,PLAYLISTID) values (8,2,5);
Insert into GROUP2USER.SONGPLAYLISTS (SONGPLAYLISTSID,SPOTIFYID,PLAYLISTID) values (9,3,2);
Insert into GROUP2USER.SONGPLAYLISTS (SONGPLAYLISTSID,SPOTIFYID,PLAYLISTID) values (10,3,4);
Insert into GROUP2USER.SONGPLAYLISTS (SONGPLAYLISTSID,SPOTIFYID,PLAYLISTID) values (11,3,5);
Insert into GROUP2USER.SONGPLAYLISTS (SONGPLAYLISTSID,SPOTIFYID,PLAYLISTID) values (12,3,7);
Insert into GROUP2USER.SONGPLAYLISTS (SONGPLAYLISTSID,SPOTIFYID,PLAYLISTID) values (13,4,2);
Insert into GROUP2USER.SONGPLAYLISTS (SONGPLAYLISTSID,SPOTIFYID,PLAYLISTID) values (14,4,3);
Insert into GROUP2USER.SONGPLAYLISTS (SONGPLAYLISTSID,SPOTIFYID,PLAYLISTID) values (15,4,5);
Insert into GROUP2USER.SONGPLAYLISTS (SONGPLAYLISTSID,SPOTIFYID,PLAYLISTID) values (16,4,6);
Insert into GROUP2USER.SONGPLAYLISTS (SONGPLAYLISTSID,SPOTIFYID,PLAYLISTID) values (17,4,9);
Insert into GROUP2USER.SONGPLAYLISTS (SONGPLAYLISTSID,SPOTIFYID,PLAYLISTID) values (18,4,11);
Insert into GROUP2USER.SONGPLAYLISTS (SONGPLAYLISTSID,SPOTIFYID,PLAYLISTID) values (19,5,1);
Insert into GROUP2USER.SONGPLAYLISTS (SONGPLAYLISTSID,SPOTIFYID,PLAYLISTID) values (20,5,3);
Insert into GROUP2USER.SONGPLAYLISTS (SONGPLAYLISTSID,SPOTIFYID,PLAYLISTID) values (21,5,7);
Insert into GROUP2USER.SONGPLAYLISTS (SONGPLAYLISTSID,SPOTIFYID,PLAYLISTID) values (22,5,9);
Insert into GROUP2USER.SONGPLAYLISTS (SONGPLAYLISTSID,SPOTIFYID,PLAYLISTID) values (23,6,1);
Insert into GROUP2USER.SONGPLAYLISTS (SONGPLAYLISTSID,SPOTIFYID,PLAYLISTID) values (24,6,3);
Insert into GROUP2USER.SONGPLAYLISTS (SONGPLAYLISTSID,SPOTIFYID,PLAYLISTID) values (25,6,4);
Insert into GROUP2USER.SONGPLAYLISTS (SONGPLAYLISTSID,SPOTIFYID,PLAYLISTID) values (26,6,5);
Insert into GROUP2USER.SONGPLAYLISTS (SONGPLAYLISTSID,SPOTIFYID,PLAYLISTID) values (27,6,6);
Insert into GROUP2USER.SONGPLAYLISTS (SONGPLAYLISTSID,SPOTIFYID,PLAYLISTID) values (28,6,7);
Insert into GROUP2USER.SONGPLAYLISTS (SONGPLAYLISTSID,SPOTIFYID,PLAYLISTID) values (29,6,9);
Insert into GROUP2USER.SONGPLAYLISTS (SONGPLAYLISTSID,SPOTIFYID,PLAYLISTID) values (30,7,1);
Insert into GROUP2USER.SONGPLAYLISTS (SONGPLAYLISTSID,SPOTIFYID,PLAYLISTID) values (31,7,2);
Insert into GROUP2USER.SONGPLAYLISTS (SONGPLAYLISTSID,SPOTIFYID,PLAYLISTID) values (32,7,3);
Insert into GROUP2USER.SONGPLAYLISTS (SONGPLAYLISTSID,SPOTIFYID,PLAYLISTID) values (33,7,5);
Insert into GROUP2USER.SONGPLAYLISTS (SONGPLAYLISTSID,SPOTIFYID,PLAYLISTID) values (34,7,6);
Insert into GROUP2USER.SONGPLAYLISTS (SONGPLAYLISTSID,SPOTIFYID,PLAYLISTID) values (35,8,1);
Insert into GROUP2USER.SONGPLAYLISTS (SONGPLAYLISTSID,SPOTIFYID,PLAYLISTID) values (36,8,2);
Insert into GROUP2USER.SONGPLAYLISTS (SONGPLAYLISTSID,SPOTIFYID,PLAYLISTID) values (37,8,4);
Insert into GROUP2USER.SONGPLAYLISTS (SONGPLAYLISTSID,SPOTIFYID,PLAYLISTID) values (38,8,5);
Insert into GROUP2USER.SONGPLAYLISTS (SONGPLAYLISTSID,SPOTIFYID,PLAYLISTID) values (39,8,6);
Insert into GROUP2USER.SONGPLAYLISTS (SONGPLAYLISTSID,SPOTIFYID,PLAYLISTID) values (40,8,7);
Insert into GROUP2USER.SONGPLAYLISTS (SONGPLAYLISTSID,SPOTIFYID,PLAYLISTID) values (41,9,3);
Insert into GROUP2USER.SONGPLAYLISTS (SONGPLAYLISTSID,SPOTIFYID,PLAYLISTID) values (42,9,4);
Insert into GROUP2USER.SONGPLAYLISTS (SONGPLAYLISTSID,SPOTIFYID,PLAYLISTID) values (43,9,7);
Insert into GROUP2USER.SONGPLAYLISTS (SONGPLAYLISTSID,SPOTIFYID,PLAYLISTID) values (44,9,10);
Insert into GROUP2USER.SONGPLAYLISTS (SONGPLAYLISTSID,SPOTIFYID,PLAYLISTID) values (45,10,2);
Insert into GROUP2USER.SONGPLAYLISTS (SONGPLAYLISTSID,SPOTIFYID,PLAYLISTID) values (46,10,3);
Insert into GROUP2USER.SONGPLAYLISTS (SONGPLAYLISTSID,SPOTIFYID,PLAYLISTID) values (47,10,5);
Insert into GROUP2USER.SONGPLAYLISTS (SONGPLAYLISTSID,SPOTIFYID,PLAYLISTID) values (48,10,6);
Insert into GROUP2USER.SONGPLAYLISTS (SONGPLAYLISTSID,SPOTIFYID,PLAYLISTID) values (49,11,1);
Insert into GROUP2USER.SONGPLAYLISTS (SONGPLAYLISTSID,SPOTIFYID,PLAYLISTID) values (50,11,2);
Insert into GROUP2USER.SONGPLAYLISTS (SONGPLAYLISTSID,SPOTIFYID,PLAYLISTID) values (51,11,5);
Insert into GROUP2USER.SONGPLAYLISTS (SONGPLAYLISTSID,SPOTIFYID,PLAYLISTID) values (52,11,6);
Insert into GROUP2USER.SONGPLAYLISTS (SONGPLAYLISTSID,SPOTIFYID,PLAYLISTID) values (53,12,1);
Insert into GROUP2USER.SONGPLAYLISTS (SONGPLAYLISTSID,SPOTIFYID,PLAYLISTID) values (54,12,2);
Insert into GROUP2USER.SONGPLAYLISTS (SONGPLAYLISTSID,SPOTIFYID,PLAYLISTID) values (55,12,5);
Insert into GROUP2USER.SONGPLAYLISTS (SONGPLAYLISTSID,SPOTIFYID,PLAYLISTID) values (56,12,6);
Insert into GROUP2USER.SONGPLAYLISTS (SONGPLAYLISTSID,SPOTIFYID,PLAYLISTID) values (57,13,1);
Insert into GROUP2USER.SONGPLAYLISTS (SONGPLAYLISTSID,SPOTIFYID,PLAYLISTID) values (58,13,2);
Insert into GROUP2USER.SONGPLAYLISTS (SONGPLAYLISTSID,SPOTIFYID,PLAYLISTID) values (59,13,3);
Insert into GROUP2USER.SONGPLAYLISTS (SONGPLAYLISTSID,SPOTIFYID,PLAYLISTID) values (60,13,5);
Insert into GROUP2USER.SONGPLAYLISTS (SONGPLAYLISTSID,SPOTIFYID,PLAYLISTID) values (61,13,7);
Insert into GROUP2USER.SONGPLAYLISTS (SONGPLAYLISTSID,SPOTIFYID,PLAYLISTID) values (62,14,1);
Insert into GROUP2USER.SONGPLAYLISTS (SONGPLAYLISTSID,SPOTIFYID,PLAYLISTID) values (63,14,2);
Insert into GROUP2USER.SONGPLAYLISTS (SONGPLAYLISTSID,SPOTIFYID,PLAYLISTID) values (64,14,3);
Insert into GROUP2USER.SONGPLAYLISTS (SONGPLAYLISTSID,SPOTIFYID,PLAYLISTID) values (65,14,5);
Insert into GROUP2USER.SONGPLAYLISTS (SONGPLAYLISTSID,SPOTIFYID,PLAYLISTID) values (66,14,6);
Insert into GROUP2USER.SONGPLAYLISTS (SONGPLAYLISTSID,SPOTIFYID,PLAYLISTID) values (67,15,1);
Insert into GROUP2USER.SONGPLAYLISTS (SONGPLAYLISTSID,SPOTIFYID,PLAYLISTID) values (68,15,2);
Insert into GROUP2USER.SONGPLAYLISTS (SONGPLAYLISTSID,SPOTIFYID,PLAYLISTID) values (69,15,3);
Insert into GROUP2USER.SONGPLAYLISTS (SONGPLAYLISTSID,SPOTIFYID,PLAYLISTID) values (70,15,5);
Insert into GROUP2USER.SONGPLAYLISTS (SONGPLAYLISTSID,SPOTIFYID,PLAYLISTID) values (71,15,6);
Insert into GROUP2USER.SONGPLAYLISTS (SONGPLAYLISTSID,SPOTIFYID,PLAYLISTID) values (72,15,7);
Insert into GROUP2USER.SONGPLAYLISTS (SONGPLAYLISTSID,SPOTIFYID,PLAYLISTID) values (73,16,1);
Insert into GROUP2USER.SONGPLAYLISTS (SONGPLAYLISTSID,SPOTIFYID,PLAYLISTID) values (74,16,2);
Insert into GROUP2USER.SONGPLAYLISTS (SONGPLAYLISTSID,SPOTIFYID,PLAYLISTID) values (75,16,5);
Insert into GROUP2USER.SONGPLAYLISTS (SONGPLAYLISTSID,SPOTIFYID,PLAYLISTID) values (76,16,6);
Insert into GROUP2USER.SONGPLAYLISTS (SONGPLAYLISTSID,SPOTIFYID,PLAYLISTID) values (77,16,7);
Insert into GROUP2USER.SONGPLAYLISTS (SONGPLAYLISTSID,SPOTIFYID,PLAYLISTID) values (78,17,1);
Insert into GROUP2USER.SONGPLAYLISTS (SONGPLAYLISTSID,SPOTIFYID,PLAYLISTID) values (79,17,2);
Insert into GROUP2USER.SONGPLAYLISTS (SONGPLAYLISTSID,SPOTIFYID,PLAYLISTID) values (80,17,3);
Insert into GROUP2USER.SONGPLAYLISTS (SONGPLAYLISTSID,SPOTIFYID,PLAYLISTID) values (81,17,5);
Insert into GROUP2USER.SONGPLAYLISTS (SONGPLAYLISTSID,SPOTIFYID,PLAYLISTID) values (82,17,6);
Insert into GROUP2USER.SONGPLAYLISTS (SONGPLAYLISTSID,SPOTIFYID,PLAYLISTID) values (83,17,7);
Insert into GROUP2USER.SONGPLAYLISTS (SONGPLAYLISTSID,SPOTIFYID,PLAYLISTID) values (84,18,1);
Insert into GROUP2USER.SONGPLAYLISTS (SONGPLAYLISTSID,SPOTIFYID,PLAYLISTID) values (85,18,5);
Insert into GROUP2USER.SONGPLAYLISTS (SONGPLAYLISTSID,SPOTIFYID,PLAYLISTID) values (86,18,6);
Insert into GROUP2USER.SONGPLAYLISTS (SONGPLAYLISTSID,SPOTIFYID,PLAYLISTID) values (87,18,7);
Insert into GROUP2USER.SONGPLAYLISTS (SONGPLAYLISTSID,SPOTIFYID,PLAYLISTID) values (88,19,1);
Insert into GROUP2USER.SONGPLAYLISTS (SONGPLAYLISTSID,SPOTIFYID,PLAYLISTID) values (89,19,2);
Insert into GROUP2USER.SONGPLAYLISTS (SONGPLAYLISTSID,SPOTIFYID,PLAYLISTID) values (90,19,3);
Insert into GROUP2USER.SONGPLAYLISTS (SONGPLAYLISTSID,SPOTIFYID,PLAYLISTID) values (91,19,5);
Insert into GROUP2USER.SONGPLAYLISTS (SONGPLAYLISTSID,SPOTIFYID,PLAYLISTID) values (92,19,6);
Insert into GROUP2USER.SONGPLAYLISTS (SONGPLAYLISTSID,SPOTIFYID,PLAYLISTID) values (93,19,7);
Insert into GROUP2USER.SONGPLAYLISTS (SONGPLAYLISTSID,SPOTIFYID,PLAYLISTID) values (94,20,1);
Insert into GROUP2USER.SONGPLAYLISTS (SONGPLAYLISTSID,SPOTIFYID,PLAYLISTID) values (95,20,3);
Insert into GROUP2USER.SONGPLAYLISTS (SONGPLAYLISTSID,SPOTIFYID,PLAYLISTID) values (96,20,6);
Insert into GROUP2USER.SONGPLAYLISTS (SONGPLAYLISTSID,SPOTIFYID,PLAYLISTID) values (97,20,7);
Insert into GROUP2USER.SONGPLAYLISTS (SONGPLAYLISTSID,SPOTIFYID,PLAYLISTID) values (98,21,1);
Insert into GROUP2USER.SONGPLAYLISTS (SONGPLAYLISTSID,SPOTIFYID,PLAYLISTID) values (99,21,3);
Insert into GROUP2USER.SONGPLAYLISTS (SONGPLAYLISTSID,SPOTIFYID,PLAYLISTID) values (100,21,6);
Insert into GROUP2USER.SONGPLAYLISTS (SONGPLAYLISTSID,SPOTIFYID,PLAYLISTID) values (101,22,1);
Insert into GROUP2USER.SONGPLAYLISTS (SONGPLAYLISTSID,SPOTIFYID,PLAYLISTID) values (102,22,2);
Insert into GROUP2USER.SONGPLAYLISTS (SONGPLAYLISTSID,SPOTIFYID,PLAYLISTID) values (103,22,3);
Insert into GROUP2USER.SONGPLAYLISTS (SONGPLAYLISTSID,SPOTIFYID,PLAYLISTID) values (104,22,6);
Insert into GROUP2USER.SONGPLAYLISTS (SONGPLAYLISTSID,SPOTIFYID,PLAYLISTID) values (105,23,1);
Insert into GROUP2USER.SONGPLAYLISTS (SONGPLAYLISTSID,SPOTIFYID,PLAYLISTID) values (106,23,2);
Insert into GROUP2USER.SONGPLAYLISTS (SONGPLAYLISTSID,SPOTIFYID,PLAYLISTID) values (107,23,6);
Insert into GROUP2USER.SONGPLAYLISTS (SONGPLAYLISTSID,SPOTIFYID,PLAYLISTID) values (108,23,7);
Insert into GROUP2USER.SONGPLAYLISTS (SONGPLAYLISTSID,SPOTIFYID,PLAYLISTID) values (109,23,11);
Insert into GROUP2USER.SONGPLAYLISTS (SONGPLAYLISTSID,SPOTIFYID,PLAYLISTID) values (110,24,1);
Insert into GROUP2USER.SONGPLAYLISTS (SONGPLAYLISTSID,SPOTIFYID,PLAYLISTID) values (111,24,2);
Insert into GROUP2USER.SONGPLAYLISTS (SONGPLAYLISTSID,SPOTIFYID,PLAYLISTID) values (112,24,3);
Insert into GROUP2USER.SONGPLAYLISTS (SONGPLAYLISTSID,SPOTIFYID,PLAYLISTID) values (113,24,6);
Insert into GROUP2USER.SONGPLAYLISTS (SONGPLAYLISTSID,SPOTIFYID,PLAYLISTID) values (114,25,1);
Insert into GROUP2USER.SONGPLAYLISTS (SONGPLAYLISTSID,SPOTIFYID,PLAYLISTID) values (115,25,2);
Insert into GROUP2USER.SONGPLAYLISTS (SONGPLAYLISTSID,SPOTIFYID,PLAYLISTID) values (116,25,3);
Insert into GROUP2USER.SONGPLAYLISTS (SONGPLAYLISTSID,SPOTIFYID,PLAYLISTID) values (117,25,7);
Insert into GROUP2USER.SONGPLAYLISTS (SONGPLAYLISTSID,SPOTIFYID,PLAYLISTID) values (118,26,1);
Insert into GROUP2USER.SONGPLAYLISTS (SONGPLAYLISTSID,SPOTIFYID,PLAYLISTID) values (119,26,2);
Insert into GROUP2USER.SONGPLAYLISTS (SONGPLAYLISTSID,SPOTIFYID,PLAYLISTID) values (120,26,3);
Insert into GROUP2USER.SONGPLAYLISTS (SONGPLAYLISTSID,SPOTIFYID,PLAYLISTID) values (121,26,5);
Insert into GROUP2USER.SONGPLAYLISTS (SONGPLAYLISTSID,SPOTIFYID,PLAYLISTID) values (122,26,6);
Insert into GROUP2USER.SONGPLAYLISTS (SONGPLAYLISTSID,SPOTIFYID,PLAYLISTID) values (123,26,7);
Insert into GROUP2USER.SONGPLAYLISTS (SONGPLAYLISTSID,SPOTIFYID,PLAYLISTID) values (124,27,2);
Insert into GROUP2USER.SONGPLAYLISTS (SONGPLAYLISTSID,SPOTIFYID,PLAYLISTID) values (125,27,3);
Insert into GROUP2USER.SONGPLAYLISTS (SONGPLAYLISTSID,SPOTIFYID,PLAYLISTID) values (126,27,5);
Insert into GROUP2USER.SONGPLAYLISTS (SONGPLAYLISTSID,SPOTIFYID,PLAYLISTID) values (127,28,1);
Insert into GROUP2USER.SONGPLAYLISTS (SONGPLAYLISTSID,SPOTIFYID,PLAYLISTID) values (128,28,2);
Insert into GROUP2USER.SONGPLAYLISTS (SONGPLAYLISTSID,SPOTIFYID,PLAYLISTID) values (129,28,5);
Insert into GROUP2USER.SONGPLAYLISTS (SONGPLAYLISTSID,SPOTIFYID,PLAYLISTID) values (130,28,6);
Insert into GROUP2USER.SONGPLAYLISTS (SONGPLAYLISTSID,SPOTIFYID,PLAYLISTID) values (131,28,7);
Insert into GROUP2USER.SONGPLAYLISTS (SONGPLAYLISTSID,SPOTIFYID,PLAYLISTID) values (132,29,2);
Insert into GROUP2USER.SONGPLAYLISTS (SONGPLAYLISTSID,SPOTIFYID,PLAYLISTID) values (133,29,5);
Insert into GROUP2USER.SONGPLAYLISTS (SONGPLAYLISTSID,SPOTIFYID,PLAYLISTID) values (134,29,6);
Insert into GROUP2USER.SONGPLAYLISTS (SONGPLAYLISTSID,SPOTIFYID,PLAYLISTID) values (135,29,7);
Insert into GROUP2USER.SONGPLAYLISTS (SONGPLAYLISTSID,SPOTIFYID,PLAYLISTID) values (136,30,1);
Insert into GROUP2USER.SONGPLAYLISTS (SONGPLAYLISTSID,SPOTIFYID,PLAYLISTID) values (137,30,2);
Insert into GROUP2USER.SONGPLAYLISTS (SONGPLAYLISTSID,SPOTIFYID,PLAYLISTID) values (138,30,6);
Insert into GROUP2USER.SONGPLAYLISTS (SONGPLAYLISTSID,SPOTIFYID,PLAYLISTID) values (139,30,7);
Insert into GROUP2USER.SONGPLAYLISTS (SONGPLAYLISTSID,SPOTIFYID,PLAYLISTID) values (140,31,1);
Insert into GROUP2USER.SONGPLAYLISTS (SONGPLAYLISTSID,SPOTIFYID,PLAYLISTID) values (141,31,3);
Insert into GROUP2USER.SONGPLAYLISTS (SONGPLAYLISTSID,SPOTIFYID,PLAYLISTID) values (142,31,5);
Insert into GROUP2USER.SONGPLAYLISTS (SONGPLAYLISTSID,SPOTIFYID,PLAYLISTID) values (143,31,6);
Insert into GROUP2USER.SONGPLAYLISTS (SONGPLAYLISTSID,SPOTIFYID,PLAYLISTID) values (144,31,7);
Insert into GROUP2USER.SONGPLAYLISTS (SONGPLAYLISTSID,SPOTIFYID,PLAYLISTID) values (145,32,1);
Insert into GROUP2USER.SONGPLAYLISTS (SONGPLAYLISTSID,SPOTIFYID,PLAYLISTID) values (146,32,5);
Insert into GROUP2USER.SONGPLAYLISTS (SONGPLAYLISTSID,SPOTIFYID,PLAYLISTID) values (147,32,6);
Insert into GROUP2USER.SONGPLAYLISTS (SONGPLAYLISTSID,SPOTIFYID,PLAYLISTID) values (148,32,7);
Insert into GROUP2USER.SONGPLAYLISTS (SONGPLAYLISTSID,SPOTIFYID,PLAYLISTID) values (149,32,11);
Insert into GROUP2USER.SONGPLAYLISTS (SONGPLAYLISTSID,SPOTIFYID,PLAYLISTID) values (150,33,1);
Insert into GROUP2USER.SONGPLAYLISTS (SONGPLAYLISTSID,SPOTIFYID,PLAYLISTID) values (151,33,2);
Insert into GROUP2USER.SONGPLAYLISTS (SONGPLAYLISTSID,SPOTIFYID,PLAYLISTID) values (152,33,5);
Insert into GROUP2USER.SONGPLAYLISTS (SONGPLAYLISTSID,SPOTIFYID,PLAYLISTID) values (153,33,7);
Insert into GROUP2USER.SONGPLAYLISTS (SONGPLAYLISTSID,SPOTIFYID,PLAYLISTID) values (154,33,8);
Insert into GROUP2USER.SONGPLAYLISTS (SONGPLAYLISTSID,SPOTIFYID,PLAYLISTID) values (155,34,1);
Insert into GROUP2USER.SONGPLAYLISTS (SONGPLAYLISTSID,SPOTIFYID,PLAYLISTID) values (156,34,2);
Insert into GROUP2USER.SONGPLAYLISTS (SONGPLAYLISTSID,SPOTIFYID,PLAYLISTID) values (157,34,3);
Insert into GROUP2USER.SONGPLAYLISTS (SONGPLAYLISTSID,SPOTIFYID,PLAYLISTID) values (158,34,5);
Insert into GROUP2USER.SONGPLAYLISTS (SONGPLAYLISTSID,SPOTIFYID,PLAYLISTID) values (159,34,6);
Insert into GROUP2USER.SONGPLAYLISTS (SONGPLAYLISTSID,SPOTIFYID,PLAYLISTID) values (160,35,1);
Insert into GROUP2USER.SONGPLAYLISTS (SONGPLAYLISTSID,SPOTIFYID,PLAYLISTID) values (161,35,2);
Insert into GROUP2USER.SONGPLAYLISTS (SONGPLAYLISTSID,SPOTIFYID,PLAYLISTID) values (162,35,3);
Insert into GROUP2USER.SONGPLAYLISTS (SONGPLAYLISTSID,SPOTIFYID,PLAYLISTID) values (163,35,7);
Insert into GROUP2USER.SONGPLAYLISTS (SONGPLAYLISTSID,SPOTIFYID,PLAYLISTID) values (164,36,1);
Insert into GROUP2USER.SONGPLAYLISTS (SONGPLAYLISTSID,SPOTIFYID,PLAYLISTID) values (165,36,2);
Insert into GROUP2USER.SONGPLAYLISTS (SONGPLAYLISTSID,SPOTIFYID,PLAYLISTID) values (166,36,6);
Insert into GROUP2USER.SONGPLAYLISTS (SONGPLAYLISTSID,SPOTIFYID,PLAYLISTID) values (167,36,7);
Insert into GROUP2USER.SONGPLAYLISTS (SONGPLAYLISTSID,SPOTIFYID,PLAYLISTID) values (168,37,1);
Insert into GROUP2USER.SONGPLAYLISTS (SONGPLAYLISTSID,SPOTIFYID,PLAYLISTID) values (169,37,3);
Insert into GROUP2USER.SONGPLAYLISTS (SONGPLAYLISTSID,SPOTIFYID,PLAYLISTID) values (170,37,7);
Insert into GROUP2USER.SONGPLAYLISTS (SONGPLAYLISTSID,SPOTIFYID,PLAYLISTID) values (171,38,3);
Insert into GROUP2USER.SONGPLAYLISTS (SONGPLAYLISTSID,SPOTIFYID,PLAYLISTID) values (172,38,6);
Insert into GROUP2USER.SONGPLAYLISTS (SONGPLAYLISTSID,SPOTIFYID,PLAYLISTID) values (173,38,7);
Insert into GROUP2USER.SONGPLAYLISTS (SONGPLAYLISTSID,SPOTIFYID,PLAYLISTID) values (174,39,1);
Insert into GROUP2USER.SONGPLAYLISTS (SONGPLAYLISTSID,SPOTIFYID,PLAYLISTID) values (175,39,2);
Insert into GROUP2USER.SONGPLAYLISTS (SONGPLAYLISTSID,SPOTIFYID,PLAYLISTID) values (176,39,3);
Insert into GROUP2USER.SONGPLAYLISTS (SONGPLAYLISTSID,SPOTIFYID,PLAYLISTID) values (177,39,7);
Insert into GROUP2USER.SONGPLAYLISTS (SONGPLAYLISTSID,SPOTIFYID,PLAYLISTID) values (178,40,1);
Insert into GROUP2USER.SONGPLAYLISTS (SONGPLAYLISTSID,SPOTIFYID,PLAYLISTID) values (179,40,2);
Insert into GROUP2USER.SONGPLAYLISTS (SONGPLAYLISTSID,SPOTIFYID,PLAYLISTID) values (180,40,3);
Insert into GROUP2USER.SONGPLAYLISTS (SONGPLAYLISTSID,SPOTIFYID,PLAYLISTID) values (181,40,6);
Insert into GROUP2USER.SONGPLAYLISTS (SONGPLAYLISTSID,SPOTIFYID,PLAYLISTID) values (182,41,1);
Insert into GROUP2USER.SONGPLAYLISTS (SONGPLAYLISTSID,SPOTIFYID,PLAYLISTID) values (183,41,2);
Insert into GROUP2USER.SONGPLAYLISTS (SONGPLAYLISTSID,SPOTIFYID,PLAYLISTID) values (184,41,4);
Insert into GROUP2USER.SONGPLAYLISTS (SONGPLAYLISTSID,SPOTIFYID,PLAYLISTID) values (185,41,6);
Insert into GROUP2USER.SONGPLAYLISTS (SONGPLAYLISTSID,SPOTIFYID,PLAYLISTID) values (186,42,2);
Insert into GROUP2USER.SONGPLAYLISTS (SONGPLAYLISTSID,SPOTIFYID,PLAYLISTID) values (187,42,3);
Insert into GROUP2USER.SONGPLAYLISTS (SONGPLAYLISTSID,SPOTIFYID,PLAYLISTID) values (188,42,4);
Insert into GROUP2USER.SONGPLAYLISTS (SONGPLAYLISTSID,SPOTIFYID,PLAYLISTID) values (189,42,6);
Insert into GROUP2USER.SONGPLAYLISTS (SONGPLAYLISTSID,SPOTIFYID,PLAYLISTID) values (190,42,7);
Insert into GROUP2USER.SONGPLAYLISTS (SONGPLAYLISTSID,SPOTIFYID,PLAYLISTID) values (191,43,1);
Insert into GROUP2USER.SONGPLAYLISTS (SONGPLAYLISTSID,SPOTIFYID,PLAYLISTID) values (192,43,2);
Insert into GROUP2USER.SONGPLAYLISTS (SONGPLAYLISTSID,SPOTIFYID,PLAYLISTID) values (193,43,3);
Insert into GROUP2USER.SONGPLAYLISTS (SONGPLAYLISTSID,SPOTIFYID,PLAYLISTID) values (194,43,6);
Insert into GROUP2USER.SONGPLAYLISTS (SONGPLAYLISTSID,SPOTIFYID,PLAYLISTID) values (195,44,3);
Insert into GROUP2USER.SONGPLAYLISTS (SONGPLAYLISTSID,SPOTIFYID,PLAYLISTID) values (196,44,6);
Insert into GROUP2USER.SONGPLAYLISTS (SONGPLAYLISTSID,SPOTIFYID,PLAYLISTID) values (197,44,7);
Insert into GROUP2USER.SONGPLAYLISTS (SONGPLAYLISTSID,SPOTIFYID,PLAYLISTID) values (198,45,2);
Insert into GROUP2USER.SONGPLAYLISTS (SONGPLAYLISTSID,SPOTIFYID,PLAYLISTID) values (199,45,3);
Insert into GROUP2USER.SONGPLAYLISTS (SONGPLAYLISTSID,SPOTIFYID,PLAYLISTID) values (200,45,4);
Insert into GROUP2USER.SONGPLAYLISTS (SONGPLAYLISTSID,SPOTIFYID,PLAYLISTID) values (201,45,6);
Insert into GROUP2USER.SONGPLAYLISTS (SONGPLAYLISTSID,SPOTIFYID,PLAYLISTID) values (202,46,2);
Insert into GROUP2USER.SONGPLAYLISTS (SONGPLAYLISTSID,SPOTIFYID,PLAYLISTID) values (203,46,4);
Insert into GROUP2USER.SONGPLAYLISTS (SONGPLAYLISTSID,SPOTIFYID,PLAYLISTID) values (204,47,2);
Insert into GROUP2USER.SONGPLAYLISTS (SONGPLAYLISTSID,SPOTIFYID,PLAYLISTID) values (205,47,6);
Insert into GROUP2USER.SONGPLAYLISTS (SONGPLAYLISTSID,SPOTIFYID,PLAYLISTID) values (206,47,7);
Insert into GROUP2USER.SONGPLAYLISTS (SONGPLAYLISTSID,SPOTIFYID,PLAYLISTID) values (207,48,2);
Insert into GROUP2USER.SONGPLAYLISTS (SONGPLAYLISTSID,SPOTIFYID,PLAYLISTID) values (208,48,7);
Insert into GROUP2USER.SONGPLAYLISTS (SONGPLAYLISTSID,SPOTIFYID,PLAYLISTID) values (209,48,8);
Insert into GROUP2USER.SONGPLAYLISTS (SONGPLAYLISTSID,SPOTIFYID,PLAYLISTID) values (210,49,3);
Insert into GROUP2USER.SONGPLAYLISTS (SONGPLAYLISTSID,SPOTIFYID,PLAYLISTID) values (211,49,4);
Insert into GROUP2USER.SONGPLAYLISTS (SONGPLAYLISTSID,SPOTIFYID,PLAYLISTID) values (212,49,7);
Insert into GROUP2USER.SONGPLAYLISTS (SONGPLAYLISTSID,SPOTIFYID,PLAYLISTID) values (213,50,4);
Insert into GROUP2USER.SONGPLAYLISTS (SONGPLAYLISTSID,SPOTIFYID,PLAYLISTID) values (214,50,7);
Insert into GROUP2USER.SONGPLAYLISTS (SONGPLAYLISTSID,SPOTIFYID,PLAYLISTID) values (215,50,8);
Insert into GROUP2USER.SONGPLAYLISTS (SONGPLAYLISTSID,SPOTIFYID,PLAYLISTID) values (216,51,3);
Insert into GROUP2USER.SONGPLAYLISTS (SONGPLAYLISTSID,SPOTIFYID,PLAYLISTID) values (217,51,6);
Insert into GROUP2USER.SONGPLAYLISTS (SONGPLAYLISTSID,SPOTIFYID,PLAYLISTID) values (218,51,7);
Insert into GROUP2USER.SONGPLAYLISTS (SONGPLAYLISTSID,SPOTIFYID,PLAYLISTID) values (219,51,8);
Insert into GROUP2USER.SONGPLAYLISTS (SONGPLAYLISTSID,SPOTIFYID,PLAYLISTID) values (220,52,3);
Insert into GROUP2USER.SONGPLAYLISTS (SONGPLAYLISTSID,SPOTIFYID,PLAYLISTID) values (221,52,4);
Insert into GROUP2USER.SONGPLAYLISTS (SONGPLAYLISTSID,SPOTIFYID,PLAYLISTID) values (222,52,6);
Insert into GROUP2USER.SONGPLAYLISTS (SONGPLAYLISTSID,SPOTIFYID,PLAYLISTID) values (223,52,7);
Insert into GROUP2USER.SONGPLAYLISTS (SONGPLAYLISTSID,SPOTIFYID,PLAYLISTID) values (224,52,8);
Insert into GROUP2USER.SONGPLAYLISTS (SONGPLAYLISTSID,SPOTIFYID,PLAYLISTID) values (225,53,3);
Insert into GROUP2USER.SONGPLAYLISTS (SONGPLAYLISTSID,SPOTIFYID,PLAYLISTID) values (226,53,6);
Insert into GROUP2USER.SONGPLAYLISTS (SONGPLAYLISTSID,SPOTIFYID,PLAYLISTID) values (227,53,7);
Insert into GROUP2USER.SONGPLAYLISTS (SONGPLAYLISTSID,SPOTIFYID,PLAYLISTID) values (228,53,8);
Insert into GROUP2USER.SONGPLAYLISTS (SONGPLAYLISTSID,SPOTIFYID,PLAYLISTID) values (229,54,3);
Insert into GROUP2USER.SONGPLAYLISTS (SONGPLAYLISTSID,SPOTIFYID,PLAYLISTID) values (230,54,6);
Insert into GROUP2USER.SONGPLAYLISTS (SONGPLAYLISTSID,SPOTIFYID,PLAYLISTID) values (231,54,7);
Insert into GROUP2USER.SONGPLAYLISTS (SONGPLAYLISTSID,SPOTIFYID,PLAYLISTID) values (232,55,3);
Insert into GROUP2USER.SONGPLAYLISTS (SONGPLAYLISTSID,SPOTIFYID,PLAYLISTID) values (233,55,4);
Insert into GROUP2USER.SONGPLAYLISTS (SONGPLAYLISTSID,SPOTIFYID,PLAYLISTID) values (234,55,8);
Insert into GROUP2USER.SONGPLAYLISTS (SONGPLAYLISTSID,SPOTIFYID,PLAYLISTID) values (235,56,4);
Insert into GROUP2USER.SONGPLAYLISTS (SONGPLAYLISTSID,SPOTIFYID,PLAYLISTID) values (236,56,6);
Insert into GROUP2USER.SONGPLAYLISTS (SONGPLAYLISTSID,SPOTIFYID,PLAYLISTID) values (237,56,7);
Insert into GROUP2USER.SONGPLAYLISTS (SONGPLAYLISTSID,SPOTIFYID,PLAYLISTID) values (238,56,8);
Insert into GROUP2USER.SONGPLAYLISTS (SONGPLAYLISTSID,SPOTIFYID,PLAYLISTID) values (239,57,4);
Insert into GROUP2USER.SONGPLAYLISTS (SONGPLAYLISTSID,SPOTIFYID,PLAYLISTID) values (240,57,7);
Insert into GROUP2USER.SONGPLAYLISTS (SONGPLAYLISTSID,SPOTIFYID,PLAYLISTID) values (241,57,8);
Insert into GROUP2USER.SONGPLAYLISTS (SONGPLAYLISTSID,SPOTIFYID,PLAYLISTID) values (242,58,3);
Insert into GROUP2USER.SONGPLAYLISTS (SONGPLAYLISTSID,SPOTIFYID,PLAYLISTID) values (243,58,4);
Insert into GROUP2USER.SONGPLAYLISTS (SONGPLAYLISTSID,SPOTIFYID,PLAYLISTID) values (244,58,7);
Insert into GROUP2USER.SONGPLAYLISTS (SONGPLAYLISTSID,SPOTIFYID,PLAYLISTID) values (245,58,8);
Insert into GROUP2USER.SONGPLAYLISTS (SONGPLAYLISTSID,SPOTIFYID,PLAYLISTID) values (246,59,8);
Insert into GROUP2USER.SONGPLAYLISTS (SONGPLAYLISTSID,SPOTIFYID,PLAYLISTID) values (247,60,3);
Insert into GROUP2USER.SONGPLAYLISTS (SONGPLAYLISTSID,SPOTIFYID,PLAYLISTID) values (248,60,4);
Insert into GROUP2USER.SONGPLAYLISTS (SONGPLAYLISTSID,SPOTIFYID,PLAYLISTID) values (249,60,6);
Insert into GROUP2USER.SONGPLAYLISTS (SONGPLAYLISTSID,SPOTIFYID,PLAYLISTID) values (250,61,3);
Insert into GROUP2USER.SONGPLAYLISTS (SONGPLAYLISTSID,SPOTIFYID,PLAYLISTID) values (251,61,4);
Insert into GROUP2USER.SONGPLAYLISTS (SONGPLAYLISTSID,SPOTIFYID,PLAYLISTID) values (252,61,8);
Insert into GROUP2USER.SONGPLAYLISTS (SONGPLAYLISTSID,SPOTIFYID,PLAYLISTID) values (253,62,4);
Insert into GROUP2USER.SONGPLAYLISTS (SONGPLAYLISTSID,SPOTIFYID,PLAYLISTID) values (254,62,6);
Insert into GROUP2USER.SONGPLAYLISTS (SONGPLAYLISTSID,SPOTIFYID,PLAYLISTID) values (255,62,8);
Insert into GROUP2USER.SONGPLAYLISTS (SONGPLAYLISTSID,SPOTIFYID,PLAYLISTID) values (256,63,3);
Insert into GROUP2USER.SONGPLAYLISTS (SONGPLAYLISTSID,SPOTIFYID,PLAYLISTID) values (257,63,4);
Insert into GROUP2USER.SONGPLAYLISTS (SONGPLAYLISTSID,SPOTIFYID,PLAYLISTID) values (258,63,6);
Insert into GROUP2USER.SONGPLAYLISTS (SONGPLAYLISTSID,SPOTIFYID,PLAYLISTID) values (259,63,8);
Insert into GROUP2USER.SONGPLAYLISTS (SONGPLAYLISTSID,SPOTIFYID,PLAYLISTID) values (260,64,4);
Insert into GROUP2USER.SONGPLAYLISTS (SONGPLAYLISTSID,SPOTIFYID,PLAYLISTID) values (261,64,6);
Insert into GROUP2USER.SONGPLAYLISTS (SONGPLAYLISTSID,SPOTIFYID,PLAYLISTID) values (262,64,8);
Insert into GROUP2USER.SONGPLAYLISTS (SONGPLAYLISTSID,SPOTIFYID,PLAYLISTID) values (263,64,11);
Insert into GROUP2USER.SONGPLAYLISTS (SONGPLAYLISTSID,SPOTIFYID,PLAYLISTID) values (264,65,4);
Insert into GROUP2USER.SONGPLAYLISTS (SONGPLAYLISTSID,SPOTIFYID,PLAYLISTID) values (265,65,6);
Insert into GROUP2USER.SONGPLAYLISTS (SONGPLAYLISTSID,SPOTIFYID,PLAYLISTID) values (266,65,8);
Insert into GROUP2USER.SONGPLAYLISTS (SONGPLAYLISTSID,SPOTIFYID,PLAYLISTID) values (267,66,3);
Insert into GROUP2USER.SONGPLAYLISTS (SONGPLAYLISTSID,SPOTIFYID,PLAYLISTID) values (268,66,6);
Insert into GROUP2USER.SONGPLAYLISTS (SONGPLAYLISTSID,SPOTIFYID,PLAYLISTID) values (269,66,8);
Insert into GROUP2USER.SONGPLAYLISTS (SONGPLAYLISTSID,SPOTIFYID,PLAYLISTID) values (270,67,4);
Insert into GROUP2USER.SONGPLAYLISTS (SONGPLAYLISTSID,SPOTIFYID,PLAYLISTID) values (271,67,7);
Insert into GROUP2USER.SONGPLAYLISTS (SONGPLAYLISTSID,SPOTIFYID,PLAYLISTID) values (272,68,3);
Insert into GROUP2USER.SONGPLAYLISTS (SONGPLAYLISTSID,SPOTIFYID,PLAYLISTID) values (273,68,8);
Insert into GROUP2USER.SONGPLAYLISTS (SONGPLAYLISTSID,SPOTIFYID,PLAYLISTID) values (274,69,4);
Insert into GROUP2USER.SONGPLAYLISTS (SONGPLAYLISTSID,SPOTIFYID,PLAYLISTID) values (275,69,6);
Insert into GROUP2USER.SONGPLAYLISTS (SONGPLAYLISTSID,SPOTIFYID,PLAYLISTID) values (276,69,7);
Insert into GROUP2USER.SONGPLAYLISTS (SONGPLAYLISTSID,SPOTIFYID,PLAYLISTID) values (277,69,9);
Insert into GROUP2USER.SONGPLAYLISTS (SONGPLAYLISTSID,SPOTIFYID,PLAYLISTID) values (278,70,3);
Insert into GROUP2USER.SONGPLAYLISTS (SONGPLAYLISTSID,SPOTIFYID,PLAYLISTID) values (279,70,6);
Insert into GROUP2USER.SONGPLAYLISTS (SONGPLAYLISTSID,SPOTIFYID,PLAYLISTID) values (280,70,7);
Insert into GROUP2USER.SONGPLAYLISTS (SONGPLAYLISTSID,SPOTIFYID,PLAYLISTID) values (281,70,9);
Insert into GROUP2USER.SONGPLAYLISTS (SONGPLAYLISTSID,SPOTIFYID,PLAYLISTID) values (282,71,4);
Insert into GROUP2USER.SONGPLAYLISTS (SONGPLAYLISTSID,SPOTIFYID,PLAYLISTID) values (283,71,6);
Insert into GROUP2USER.SONGPLAYLISTS (SONGPLAYLISTSID,SPOTIFYID,PLAYLISTID) values (284,71,8);
Insert into GROUP2USER.SONGPLAYLISTS (SONGPLAYLISTSID,SPOTIFYID,PLAYLISTID) values (285,71,9);
Insert into GROUP2USER.SONGPLAYLISTS (SONGPLAYLISTSID,SPOTIFYID,PLAYLISTID) values (286,71,10);
Insert into GROUP2USER.SONGPLAYLISTS (SONGPLAYLISTSID,SPOTIFYID,PLAYLISTID) values (287,72,4);
Insert into GROUP2USER.SONGPLAYLISTS (SONGPLAYLISTSID,SPOTIFYID,PLAYLISTID) values (288,72,5);
Insert into GROUP2USER.SONGPLAYLISTS (SONGPLAYLISTSID,SPOTIFYID,PLAYLISTID) values (289,72,7);
Insert into GROUP2USER.SONGPLAYLISTS (SONGPLAYLISTSID,SPOTIFYID,PLAYLISTID) values (290,72,8);
Insert into GROUP2USER.SONGPLAYLISTS (SONGPLAYLISTSID,SPOTIFYID,PLAYLISTID) values (291,72,9);
Insert into GROUP2USER.SONGPLAYLISTS (SONGPLAYLISTSID,SPOTIFYID,PLAYLISTID) values (292,73,3);
Insert into GROUP2USER.SONGPLAYLISTS (SONGPLAYLISTSID,SPOTIFYID,PLAYLISTID) values (293,73,4);
Insert into GROUP2USER.SONGPLAYLISTS (SONGPLAYLISTSID,SPOTIFYID,PLAYLISTID) values (294,73,7);
Insert into GROUP2USER.SONGPLAYLISTS (SONGPLAYLISTSID,SPOTIFYID,PLAYLISTID) values (295,73,8);
Insert into GROUP2USER.SONGPLAYLISTS (SONGPLAYLISTSID,SPOTIFYID,PLAYLISTID) values (296,74,3);
Insert into GROUP2USER.SONGPLAYLISTS (SONGPLAYLISTSID,SPOTIFYID,PLAYLISTID) values (297,74,4);
Insert into GROUP2USER.SONGPLAYLISTS (SONGPLAYLISTSID,SPOTIFYID,PLAYLISTID) values (298,74,5);
Insert into GROUP2USER.SONGPLAYLISTS (SONGPLAYLISTSID,SPOTIFYID,PLAYLISTID) values (299,74,7);
Insert into GROUP2USER.SONGPLAYLISTS (SONGPLAYLISTSID,SPOTIFYID,PLAYLISTID) values (300,74,9);
Insert into GROUP2USER.SONGPLAYLISTS (SONGPLAYLISTSID,SPOTIFYID,PLAYLISTID) values (301,75,3);
Insert into GROUP2USER.SONGPLAYLISTS (SONGPLAYLISTSID,SPOTIFYID,PLAYLISTID) values (302,75,4);
Insert into GROUP2USER.SONGPLAYLISTS (SONGPLAYLISTSID,SPOTIFYID,PLAYLISTID) values (303,75,5);
Insert into GROUP2USER.SONGPLAYLISTS (SONGPLAYLISTSID,SPOTIFYID,PLAYLISTID) values (304,75,7);
Insert into GROUP2USER.SONGPLAYLISTS (SONGPLAYLISTSID,SPOTIFYID,PLAYLISTID) values (305,75,10);
Insert into GROUP2USER.SONGPLAYLISTS (SONGPLAYLISTSID,SPOTIFYID,PLAYLISTID) values (306,76,5);
Insert into GROUP2USER.SONGPLAYLISTS (SONGPLAYLISTSID,SPOTIFYID,PLAYLISTID) values (307,76,8);
Insert into GROUP2USER.SONGPLAYLISTS (SONGPLAYLISTSID,SPOTIFYID,PLAYLISTID) values (308,76,10);
Insert into GROUP2USER.SONGPLAYLISTS (SONGPLAYLISTSID,SPOTIFYID,PLAYLISTID) values (309,77,3);
Insert into GROUP2USER.SONGPLAYLISTS (SONGPLAYLISTSID,SPOTIFYID,PLAYLISTID) values (310,77,4);
Insert into GROUP2USER.SONGPLAYLISTS (SONGPLAYLISTSID,SPOTIFYID,PLAYLISTID) values (311,77,8);
Insert into GROUP2USER.SONGPLAYLISTS (SONGPLAYLISTSID,SPOTIFYID,PLAYLISTID) values (312,77,9);
Insert into GROUP2USER.SONGPLAYLISTS (SONGPLAYLISTSID,SPOTIFYID,PLAYLISTID) values (313,78,3);
Insert into GROUP2USER.SONGPLAYLISTS (SONGPLAYLISTSID,SPOTIFYID,PLAYLISTID) values (314,78,4);
Insert into GROUP2USER.SONGPLAYLISTS (SONGPLAYLISTSID,SPOTIFYID,PLAYLISTID) values (315,78,5);
Insert into GROUP2USER.SONGPLAYLISTS (SONGPLAYLISTSID,SPOTIFYID,PLAYLISTID) values (316,78,9);
Insert into GROUP2USER.SONGPLAYLISTS (SONGPLAYLISTSID,SPOTIFYID,PLAYLISTID) values (317,78,10);
Insert into GROUP2USER.SONGPLAYLISTS (SONGPLAYLISTSID,SPOTIFYID,PLAYLISTID) values (318,79,1);
Insert into GROUP2USER.SONGPLAYLISTS (SONGPLAYLISTSID,SPOTIFYID,PLAYLISTID) values (319,79,4);
Insert into GROUP2USER.SONGPLAYLISTS (SONGPLAYLISTSID,SPOTIFYID,PLAYLISTID) values (320,79,5);
Insert into GROUP2USER.SONGPLAYLISTS (SONGPLAYLISTSID,SPOTIFYID,PLAYLISTID) values (321,79,8);
Insert into GROUP2USER.SONGPLAYLISTS (SONGPLAYLISTSID,SPOTIFYID,PLAYLISTID) values (322,79,9);
Insert into GROUP2USER.SONGPLAYLISTS (SONGPLAYLISTSID,SPOTIFYID,PLAYLISTID) values (323,80,3);
Insert into GROUP2USER.SONGPLAYLISTS (SONGPLAYLISTSID,SPOTIFYID,PLAYLISTID) values (324,80,4);
Insert into GROUP2USER.SONGPLAYLISTS (SONGPLAYLISTSID,SPOTIFYID,PLAYLISTID) values (325,80,7);
Insert into GROUP2USER.SONGPLAYLISTS (SONGPLAYLISTSID,SPOTIFYID,PLAYLISTID) values (326,80,8);
Insert into GROUP2USER.SONGPLAYLISTS (SONGPLAYLISTSID,SPOTIFYID,PLAYLISTID) values (327,80,9);
Insert into GROUP2USER.SONGPLAYLISTS (SONGPLAYLISTSID,SPOTIFYID,PLAYLISTID) values (328,80,10);
Insert into GROUP2USER.SONGPLAYLISTS (SONGPLAYLISTSID,SPOTIFYID,PLAYLISTID) values (329,81,1);
Insert into GROUP2USER.SONGPLAYLISTS (SONGPLAYLISTSID,SPOTIFYID,PLAYLISTID) values (330,81,4);
Insert into GROUP2USER.SONGPLAYLISTS (SONGPLAYLISTSID,SPOTIFYID,PLAYLISTID) values (331,81,7);
Insert into GROUP2USER.SONGPLAYLISTS (SONGPLAYLISTSID,SPOTIFYID,PLAYLISTID) values (332,82,1);
Insert into GROUP2USER.SONGPLAYLISTS (SONGPLAYLISTSID,SPOTIFYID,PLAYLISTID) values (333,82,2);
Insert into GROUP2USER.SONGPLAYLISTS (SONGPLAYLISTSID,SPOTIFYID,PLAYLISTID) values (334,82,3);
Insert into GROUP2USER.SONGPLAYLISTS (SONGPLAYLISTSID,SPOTIFYID,PLAYLISTID) values (335,82,4);
Insert into GROUP2USER.SONGPLAYLISTS (SONGPLAYLISTSID,SPOTIFYID,PLAYLISTID) values (336,82,9);
Insert into GROUP2USER.SONGPLAYLISTS (SONGPLAYLISTSID,SPOTIFYID,PLAYLISTID) values (337,82,10);
Insert into GROUP2USER.SONGPLAYLISTS (SONGPLAYLISTSID,SPOTIFYID,PLAYLISTID) values (338,83,1);
Insert into GROUP2USER.SONGPLAYLISTS (SONGPLAYLISTSID,SPOTIFYID,PLAYLISTID) values (339,83,2);
Insert into GROUP2USER.SONGPLAYLISTS (SONGPLAYLISTSID,SPOTIFYID,PLAYLISTID) values (340,83,7);
Insert into GROUP2USER.SONGPLAYLISTS (SONGPLAYLISTSID,SPOTIFYID,PLAYLISTID) values (341,83,8);
Insert into GROUP2USER.SONGPLAYLISTS (SONGPLAYLISTSID,SPOTIFYID,PLAYLISTID) values (342,83,10);
Insert into GROUP2USER.SONGPLAYLISTS (SONGPLAYLISTSID,SPOTIFYID,PLAYLISTID) values (343,84,2);
Insert into GROUP2USER.SONGPLAYLISTS (SONGPLAYLISTSID,SPOTIFYID,PLAYLISTID) values (344,84,4);
Insert into GROUP2USER.SONGPLAYLISTS (SONGPLAYLISTSID,SPOTIFYID,PLAYLISTID) values (345,84,7);
Insert into GROUP2USER.SONGPLAYLISTS (SONGPLAYLISTSID,SPOTIFYID,PLAYLISTID) values (346,84,8);
Insert into GROUP2USER.SONGPLAYLISTS (SONGPLAYLISTSID,SPOTIFYID,PLAYLISTID) values (347,84,10);
Insert into GROUP2USER.SONGPLAYLISTS (SONGPLAYLISTSID,SPOTIFYID,PLAYLISTID) values (348,85,3);
Insert into GROUP2USER.SONGPLAYLISTS (SONGPLAYLISTSID,SPOTIFYID,PLAYLISTID) values (349,85,4);
Insert into GROUP2USER.SONGPLAYLISTS (SONGPLAYLISTSID,SPOTIFYID,PLAYLISTID) values (350,85,5);
Insert into GROUP2USER.SONGPLAYLISTS (SONGPLAYLISTSID,SPOTIFYID,PLAYLISTID) values (351,85,8);
Insert into GROUP2USER.SONGPLAYLISTS (SONGPLAYLISTSID,SPOTIFYID,PLAYLISTID) values (352,85,9);
Insert into GROUP2USER.SONGPLAYLISTS (SONGPLAYLISTSID,SPOTIFYID,PLAYLISTID) values (353,85,10);
Insert into GROUP2USER.SONGPLAYLISTS (SONGPLAYLISTSID,SPOTIFYID,PLAYLISTID) values (354,86,2);
Insert into GROUP2USER.SONGPLAYLISTS (SONGPLAYLISTSID,SPOTIFYID,PLAYLISTID) values (355,86,4);
Insert into GROUP2USER.SONGPLAYLISTS (SONGPLAYLISTSID,SPOTIFYID,PLAYLISTID) values (356,86,5);
Insert into GROUP2USER.SONGPLAYLISTS (SONGPLAYLISTSID,SPOTIFYID,PLAYLISTID) values (357,86,8);
Insert into GROUP2USER.SONGPLAYLISTS (SONGPLAYLISTSID,SPOTIFYID,PLAYLISTID) values (358,86,10);
Insert into GROUP2USER.SONGPLAYLISTS (SONGPLAYLISTSID,SPOTIFYID,PLAYLISTID) values (359,87,1);
Insert into GROUP2USER.SONGPLAYLISTS (SONGPLAYLISTSID,SPOTIFYID,PLAYLISTID) values (360,87,2);
Insert into GROUP2USER.SONGPLAYLISTS (SONGPLAYLISTSID,SPOTIFYID,PLAYLISTID) values (361,87,5);
Insert into GROUP2USER.SONGPLAYLISTS (SONGPLAYLISTSID,SPOTIFYID,PLAYLISTID) values (362,87,7);
Insert into GROUP2USER.SONGPLAYLISTS (SONGPLAYLISTSID,SPOTIFYID,PLAYLISTID) values (363,87,8);
Insert into GROUP2USER.SONGPLAYLISTS (SONGPLAYLISTSID,SPOTIFYID,PLAYLISTID) values (364,87,10);
Insert into GROUP2USER.SONGPLAYLISTS (SONGPLAYLISTSID,SPOTIFYID,PLAYLISTID) values (365,88,1);
Insert into GROUP2USER.SONGPLAYLISTS (SONGPLAYLISTSID,SPOTIFYID,PLAYLISTID) values (366,88,2);
Insert into GROUP2USER.SONGPLAYLISTS (SONGPLAYLISTSID,SPOTIFYID,PLAYLISTID) values (367,88,3);
Insert into GROUP2USER.SONGPLAYLISTS (SONGPLAYLISTSID,SPOTIFYID,PLAYLISTID) values (368,88,4);
Insert into GROUP2USER.SONGPLAYLISTS (SONGPLAYLISTSID,SPOTIFYID,PLAYLISTID) values (369,88,7);
Insert into GROUP2USER.SONGPLAYLISTS (SONGPLAYLISTSID,SPOTIFYID,PLAYLISTID) values (370,88,10);
Insert into GROUP2USER.SONGPLAYLISTS (SONGPLAYLISTSID,SPOTIFYID,PLAYLISTID) values (371,89,1);
Insert into GROUP2USER.SONGPLAYLISTS (SONGPLAYLISTSID,SPOTIFYID,PLAYLISTID) values (372,89,2);
Insert into GROUP2USER.SONGPLAYLISTS (SONGPLAYLISTSID,SPOTIFYID,PLAYLISTID) values (373,89,3);
Insert into GROUP2USER.SONGPLAYLISTS (SONGPLAYLISTSID,SPOTIFYID,PLAYLISTID) values (374,89,4);
Insert into GROUP2USER.SONGPLAYLISTS (SONGPLAYLISTSID,SPOTIFYID,PLAYLISTID) values (375,89,5);
Insert into GROUP2USER.SONGPLAYLISTS (SONGPLAYLISTSID,SPOTIFYID,PLAYLISTID) values (376,89,7);
Insert into GROUP2USER.SONGPLAYLISTS (SONGPLAYLISTSID,SPOTIFYID,PLAYLISTID) values (377,89,9);
Insert into GROUP2USER.SONGPLAYLISTS (SONGPLAYLISTSID,SPOTIFYID,PLAYLISTID) values (378,90,1);
Insert into GROUP2USER.SONGPLAYLISTS (SONGPLAYLISTSID,SPOTIFYID,PLAYLISTID) values (379,90,2);
Insert into GROUP2USER.SONGPLAYLISTS (SONGPLAYLISTSID,SPOTIFYID,PLAYLISTID) values (380,90,4);
Insert into GROUP2USER.SONGPLAYLISTS (SONGPLAYLISTSID,SPOTIFYID,PLAYLISTID) values (381,90,7);
Insert into GROUP2USER.SONGPLAYLISTS (SONGPLAYLISTSID,SPOTIFYID,PLAYLISTID) values (382,90,8);
Insert into GROUP2USER.SONGPLAYLISTS (SONGPLAYLISTSID,SPOTIFYID,PLAYLISTID) values (383,90,9);
Insert into GROUP2USER.SONGPLAYLISTS (SONGPLAYLISTSID,SPOTIFYID,PLAYLISTID) values (384,91,1);
Insert into GROUP2USER.SONGPLAYLISTS (SONGPLAYLISTSID,SPOTIFYID,PLAYLISTID) values (385,91,3);
Insert into GROUP2USER.SONGPLAYLISTS (SONGPLAYLISTSID,SPOTIFYID,PLAYLISTID) values (386,91,5);
Insert into GROUP2USER.SONGPLAYLISTS (SONGPLAYLISTSID,SPOTIFYID,PLAYLISTID) values (387,91,7);
Insert into GROUP2USER.SONGPLAYLISTS (SONGPLAYLISTSID,SPOTIFYID,PLAYLISTID) values (388,91,8);
Insert into GROUP2USER.SONGPLAYLISTS (SONGPLAYLISTSID,SPOTIFYID,PLAYLISTID) values (389,91,9);
Insert into GROUP2USER.SONGPLAYLISTS (SONGPLAYLISTSID,SPOTIFYID,PLAYLISTID) values (390,91,10);
Insert into GROUP2USER.SONGPLAYLISTS (SONGPLAYLISTSID,SPOTIFYID,PLAYLISTID) values (391,92,1);
Insert into GROUP2USER.SONGPLAYLISTS (SONGPLAYLISTSID,SPOTIFYID,PLAYLISTID) values (392,92,4);
Insert into GROUP2USER.SONGPLAYLISTS (SONGPLAYLISTSID,SPOTIFYID,PLAYLISTID) values (393,92,5);
Insert into GROUP2USER.SONGPLAYLISTS (SONGPLAYLISTSID,SPOTIFYID,PLAYLISTID) values (394,92,7);
Insert into GROUP2USER.SONGPLAYLISTS (SONGPLAYLISTSID,SPOTIFYID,PLAYLISTID) values (395,92,8);
Insert into GROUP2USER.SONGPLAYLISTS (SONGPLAYLISTSID,SPOTIFYID,PLAYLISTID) values (396,92,9);
Insert into GROUP2USER.SONGPLAYLISTS (SONGPLAYLISTSID,SPOTIFYID,PLAYLISTID) values (397,92,10);
Insert into GROUP2USER.SONGPLAYLISTS (SONGPLAYLISTSID,SPOTIFYID,PLAYLISTID) values (398,93,1);
Insert into GROUP2USER.SONGPLAYLISTS (SONGPLAYLISTSID,SPOTIFYID,PLAYLISTID) values (399,93,2);
Insert into GROUP2USER.SONGPLAYLISTS (SONGPLAYLISTSID,SPOTIFYID,PLAYLISTID) values (400,93,3);
Insert into GROUP2USER.SONGPLAYLISTS (SONGPLAYLISTSID,SPOTIFYID,PLAYLISTID) values (401,93,4);
Insert into GROUP2USER.SONGPLAYLISTS (SONGPLAYLISTSID,SPOTIFYID,PLAYLISTID) values (402,93,7);
Insert into GROUP2USER.SONGPLAYLISTS (SONGPLAYLISTSID,SPOTIFYID,PLAYLISTID) values (403,93,8);
Insert into GROUP2USER.SONGPLAYLISTS (SONGPLAYLISTSID,SPOTIFYID,PLAYLISTID) values (404,93,10);
Insert into GROUP2USER.SONGPLAYLISTS (SONGPLAYLISTSID,SPOTIFYID,PLAYLISTID) values (405,94,1);
Insert into GROUP2USER.SONGPLAYLISTS (SONGPLAYLISTSID,SPOTIFYID,PLAYLISTID) values (406,94,2);
Insert into GROUP2USER.SONGPLAYLISTS (SONGPLAYLISTSID,SPOTIFYID,PLAYLISTID) values (407,94,3);
Insert into GROUP2USER.SONGPLAYLISTS (SONGPLAYLISTSID,SPOTIFYID,PLAYLISTID) values (408,94,8);
Insert into GROUP2USER.SONGPLAYLISTS (SONGPLAYLISTSID,SPOTIFYID,PLAYLISTID) values (409,94,9);
Insert into GROUP2USER.SONGPLAYLISTS (SONGPLAYLISTSID,SPOTIFYID,PLAYLISTID) values (410,95,1);
Insert into GROUP2USER.SONGPLAYLISTS (SONGPLAYLISTSID,SPOTIFYID,PLAYLISTID) values (411,95,3);
Insert into GROUP2USER.SONGPLAYLISTS (SONGPLAYLISTSID,SPOTIFYID,PLAYLISTID) values (412,95,5);
Insert into GROUP2USER.SONGPLAYLISTS (SONGPLAYLISTSID,SPOTIFYID,PLAYLISTID) values (413,95,7);
Insert into GROUP2USER.SONGPLAYLISTS (SONGPLAYLISTSID,SPOTIFYID,PLAYLISTID) values (414,95,8);
Insert into GROUP2USER.SONGPLAYLISTS (SONGPLAYLISTSID,SPOTIFYID,PLAYLISTID) values (415,95,9);
Insert into GROUP2USER.SONGPLAYLISTS (SONGPLAYLISTSID,SPOTIFYID,PLAYLISTID) values (416,96,1);
Insert into GROUP2USER.SONGPLAYLISTS (SONGPLAYLISTSID,SPOTIFYID,PLAYLISTID) values (417,96,2);
Insert into GROUP2USER.SONGPLAYLISTS (SONGPLAYLISTSID,SPOTIFYID,PLAYLISTID) values (418,96,3);
Insert into GROUP2USER.SONGPLAYLISTS (SONGPLAYLISTSID,SPOTIFYID,PLAYLISTID) values (419,96,4);
Insert into GROUP2USER.SONGPLAYLISTS (SONGPLAYLISTSID,SPOTIFYID,PLAYLISTID) values (420,96,5);
Insert into GROUP2USER.SONGPLAYLISTS (SONGPLAYLISTSID,SPOTIFYID,PLAYLISTID) values (421,96,7);
Insert into GROUP2USER.SONGPLAYLISTS (SONGPLAYLISTSID,SPOTIFYID,PLAYLISTID) values (422,96,9);
Insert into GROUP2USER.SONGPLAYLISTS (SONGPLAYLISTSID,SPOTIFYID,PLAYLISTID) values (423,97,1);
Insert into GROUP2USER.SONGPLAYLISTS (SONGPLAYLISTSID,SPOTIFYID,PLAYLISTID) values (424,97,3);
Insert into GROUP2USER.SONGPLAYLISTS (SONGPLAYLISTSID,SPOTIFYID,PLAYLISTID) values (425,97,5);
Insert into GROUP2USER.SONGPLAYLISTS (SONGPLAYLISTSID,SPOTIFYID,PLAYLISTID) values (426,97,7);
Insert into GROUP2USER.SONGPLAYLISTS (SONGPLAYLISTSID,SPOTIFYID,PLAYLISTID) values (427,97,8);
Insert into GROUP2USER.SONGPLAYLISTS (SONGPLAYLISTSID,SPOTIFYID,PLAYLISTID) values (428,97,10);
Insert into GROUP2USER.SONGPLAYLISTS (SONGPLAYLISTSID,SPOTIFYID,PLAYLISTID) values (429,98,1);
Insert into GROUP2USER.SONGPLAYLISTS (SONGPLAYLISTSID,SPOTIFYID,PLAYLISTID) values (430,98,2);
Insert into GROUP2USER.SONGPLAYLISTS (SONGPLAYLISTSID,SPOTIFYID,PLAYLISTID) values (431,98,4);
Insert into GROUP2USER.SONGPLAYLISTS (SONGPLAYLISTSID,SPOTIFYID,PLAYLISTID) values (432,98,5);
Insert into GROUP2USER.SONGPLAYLISTS (SONGPLAYLISTSID,SPOTIFYID,PLAYLISTID) values (433,98,7);
Insert into GROUP2USER.SONGPLAYLISTS (SONGPLAYLISTSID,SPOTIFYID,PLAYLISTID) values (434,98,8);
Insert into GROUP2USER.SONGPLAYLISTS (SONGPLAYLISTSID,SPOTIFYID,PLAYLISTID) values (435,98,9);
Insert into GROUP2USER.SONGPLAYLISTS (SONGPLAYLISTSID,SPOTIFYID,PLAYLISTID) values (436,98,10);
Insert into GROUP2USER.SONGPLAYLISTS (SONGPLAYLISTSID,SPOTIFYID,PLAYLISTID) values (437,99,2);
Insert into GROUP2USER.SONGPLAYLISTS (SONGPLAYLISTSID,SPOTIFYID,PLAYLISTID) values (438,99,3);
Insert into GROUP2USER.SONGPLAYLISTS (SONGPLAYLISTSID,SPOTIFYID,PLAYLISTID) values (439,99,4);
Insert into GROUP2USER.SONGPLAYLISTS (SONGPLAYLISTSID,SPOTIFYID,PLAYLISTID) values (440,99,5);
Insert into GROUP2USER.SONGPLAYLISTS (SONGPLAYLISTSID,SPOTIFYID,PLAYLISTID) values (441,99,8);
Insert into GROUP2USER.SONGPLAYLISTS (SONGPLAYLISTSID,SPOTIFYID,PLAYLISTID) values (442,99,10);
Insert into GROUP2USER.SONGPLAYLISTS (SONGPLAYLISTSID,SPOTIFYID,PLAYLISTID) values (443,100,1);
Insert into GROUP2USER.SONGPLAYLISTS (SONGPLAYLISTSID,SPOTIFYID,PLAYLISTID) values (444,100,2);
Insert into GROUP2USER.SONGPLAYLISTS (SONGPLAYLISTSID,SPOTIFYID,PLAYLISTID) values (445,100,3);
Insert into GROUP2USER.SONGPLAYLISTS (SONGPLAYLISTSID,SPOTIFYID,PLAYLISTID) values (446,100,7);
Insert into GROUP2USER.SONGPLAYLISTS (SONGPLAYLISTSID,SPOTIFYID,PLAYLISTID) values (447,100,8);
Insert into GROUP2USER.SONGPLAYLISTS (SONGPLAYLISTSID,SPOTIFYID,PLAYLISTID) values (448,100,10);
REM INSERTING into GROUP2USER.SONGPOP
SET DEFINE OFF;
Insert into GROUP2USER.SONGPOP (SONGPOPID,STARTTIME,ENDTIME,SONGID,POPID) values (1002,to_date('23-08-02','RR-MM-DD'),null,15,1005);
Insert into GROUP2USER.SONGPOP (SONGPOPID,STARTTIME,ENDTIME,SONGID,POPID) values (1,to_date('20-12-24','RR-MM-DD'),to_date('23-07-26','RR-MM-DD'),1,1);
Insert into GROUP2USER.SONGPOP (SONGPOPID,STARTTIME,ENDTIME,SONGID,POPID) values (2,to_date('20-12-24','RR-MM-DD'),null,2,2);
Insert into GROUP2USER.SONGPOP (SONGPOPID,STARTTIME,ENDTIME,SONGID,POPID) values (3,to_date('20-12-24','RR-MM-DD'),null,3,3);
Insert into GROUP2USER.SONGPOP (SONGPOPID,STARTTIME,ENDTIME,SONGID,POPID) values (4,to_date('20-12-24','RR-MM-DD'),null,4,4);
Insert into GROUP2USER.SONGPOP (SONGPOPID,STARTTIME,ENDTIME,SONGID,POPID) values (5,to_date('20-12-24','RR-MM-DD'),null,5,5);
Insert into GROUP2USER.SONGPOP (SONGPOPID,STARTTIME,ENDTIME,SONGID,POPID) values (6,to_date('20-12-24','RR-MM-DD'),null,6,6);
Insert into GROUP2USER.SONGPOP (SONGPOPID,STARTTIME,ENDTIME,SONGID,POPID) values (7,to_date('20-12-24','RR-MM-DD'),null,7,7);
Insert into GROUP2USER.SONGPOP (SONGPOPID,STARTTIME,ENDTIME,SONGID,POPID) values (8,to_date('20-12-24','RR-MM-DD'),null,8,8);
Insert into GROUP2USER.SONGPOP (SONGPOPID,STARTTIME,ENDTIME,SONGID,POPID) values (9,to_date('20-12-24','RR-MM-DD'),null,9,9);
Insert into GROUP2USER.SONGPOP (SONGPOPID,STARTTIME,ENDTIME,SONGID,POPID) values (10,to_date('20-12-24','RR-MM-DD'),null,10,10);
Insert into GROUP2USER.SONGPOP (SONGPOPID,STARTTIME,ENDTIME,SONGID,POPID) values (11,to_date('20-12-24','RR-MM-DD'),null,11,11);
Insert into GROUP2USER.SONGPOP (SONGPOPID,STARTTIME,ENDTIME,SONGID,POPID) values (12,to_date('20-12-24','RR-MM-DD'),null,12,12);
Insert into GROUP2USER.SONGPOP (SONGPOPID,STARTTIME,ENDTIME,SONGID,POPID) values (13,to_date('20-12-24','RR-MM-DD'),null,13,13);
Insert into GROUP2USER.SONGPOP (SONGPOPID,STARTTIME,ENDTIME,SONGID,POPID) values (14,to_date('20-12-24','RR-MM-DD'),null,14,14);
Insert into GROUP2USER.SONGPOP (SONGPOPID,STARTTIME,ENDTIME,SONGID,POPID) values (15,to_date('20-12-24','RR-MM-DD'),to_date('23-08-02','RR-MM-DD'),15,15);
Insert into GROUP2USER.SONGPOP (SONGPOPID,STARTTIME,ENDTIME,SONGID,POPID) values (16,to_date('20-12-24','RR-MM-DD'),null,16,16);
Insert into GROUP2USER.SONGPOP (SONGPOPID,STARTTIME,ENDTIME,SONGID,POPID) values (17,to_date('20-12-24','RR-MM-DD'),null,17,17);
Insert into GROUP2USER.SONGPOP (SONGPOPID,STARTTIME,ENDTIME,SONGID,POPID) values (18,to_date('20-12-24','RR-MM-DD'),null,18,18);
Insert into GROUP2USER.SONGPOP (SONGPOPID,STARTTIME,ENDTIME,SONGID,POPID) values (19,to_date('20-12-24','RR-MM-DD'),null,19,19);
Insert into GROUP2USER.SONGPOP (SONGPOPID,STARTTIME,ENDTIME,SONGID,POPID) values (20,to_date('20-12-24','RR-MM-DD'),null,20,20);
Insert into GROUP2USER.SONGPOP (SONGPOPID,STARTTIME,ENDTIME,SONGID,POPID) values (21,to_date('20-12-24','RR-MM-DD'),null,21,21);
Insert into GROUP2USER.SONGPOP (SONGPOPID,STARTTIME,ENDTIME,SONGID,POPID) values (22,to_date('20-12-24','RR-MM-DD'),null,22,22);
Insert into GROUP2USER.SONGPOP (SONGPOPID,STARTTIME,ENDTIME,SONGID,POPID) values (23,to_date('20-12-24','RR-MM-DD'),null,23,23);
Insert into GROUP2USER.SONGPOP (SONGPOPID,STARTTIME,ENDTIME,SONGID,POPID) values (24,to_date('20-12-24','RR-MM-DD'),null,24,24);
Insert into GROUP2USER.SONGPOP (SONGPOPID,STARTTIME,ENDTIME,SONGID,POPID) values (25,to_date('20-12-24','RR-MM-DD'),null,25,25);
Insert into GROUP2USER.SONGPOP (SONGPOPID,STARTTIME,ENDTIME,SONGID,POPID) values (26,to_date('20-12-24','RR-MM-DD'),null,26,26);
Insert into GROUP2USER.SONGPOP (SONGPOPID,STARTTIME,ENDTIME,SONGID,POPID) values (27,to_date('20-12-24','RR-MM-DD'),null,27,27);
Insert into GROUP2USER.SONGPOP (SONGPOPID,STARTTIME,ENDTIME,SONGID,POPID) values (28,to_date('20-12-24','RR-MM-DD'),null,28,28);
Insert into GROUP2USER.SONGPOP (SONGPOPID,STARTTIME,ENDTIME,SONGID,POPID) values (29,to_date('20-12-24','RR-MM-DD'),null,29,29);
Insert into GROUP2USER.SONGPOP (SONGPOPID,STARTTIME,ENDTIME,SONGID,POPID) values (30,to_date('20-12-24','RR-MM-DD'),null,30,30);
Insert into GROUP2USER.SONGPOP (SONGPOPID,STARTTIME,ENDTIME,SONGID,POPID) values (31,to_date('20-12-24','RR-MM-DD'),null,31,31);
Insert into GROUP2USER.SONGPOP (SONGPOPID,STARTTIME,ENDTIME,SONGID,POPID) values (32,to_date('20-12-24','RR-MM-DD'),null,32,32);
Insert into GROUP2USER.SONGPOP (SONGPOPID,STARTTIME,ENDTIME,SONGID,POPID) values (33,to_date('20-12-24','RR-MM-DD'),null,33,33);
Insert into GROUP2USER.SONGPOP (SONGPOPID,STARTTIME,ENDTIME,SONGID,POPID) values (34,to_date('20-12-24','RR-MM-DD'),null,34,34);
Insert into GROUP2USER.SONGPOP (SONGPOPID,STARTTIME,ENDTIME,SONGID,POPID) values (35,to_date('20-12-24','RR-MM-DD'),null,35,35);
Insert into GROUP2USER.SONGPOP (SONGPOPID,STARTTIME,ENDTIME,SONGID,POPID) values (36,to_date('20-12-24','RR-MM-DD'),null,36,36);
Insert into GROUP2USER.SONGPOP (SONGPOPID,STARTTIME,ENDTIME,SONGID,POPID) values (37,to_date('20-12-24','RR-MM-DD'),null,37,37);
Insert into GROUP2USER.SONGPOP (SONGPOPID,STARTTIME,ENDTIME,SONGID,POPID) values (38,to_date('20-12-24','RR-MM-DD'),null,38,38);
Insert into GROUP2USER.SONGPOP (SONGPOPID,STARTTIME,ENDTIME,SONGID,POPID) values (39,to_date('20-12-24','RR-MM-DD'),null,39,39);
Insert into GROUP2USER.SONGPOP (SONGPOPID,STARTTIME,ENDTIME,SONGID,POPID) values (40,to_date('20-12-24','RR-MM-DD'),null,40,40);
Insert into GROUP2USER.SONGPOP (SONGPOPID,STARTTIME,ENDTIME,SONGID,POPID) values (41,to_date('20-12-24','RR-MM-DD'),null,41,41);
Insert into GROUP2USER.SONGPOP (SONGPOPID,STARTTIME,ENDTIME,SONGID,POPID) values (42,to_date('20-12-24','RR-MM-DD'),null,42,42);
Insert into GROUP2USER.SONGPOP (SONGPOPID,STARTTIME,ENDTIME,SONGID,POPID) values (43,to_date('20-12-24','RR-MM-DD'),null,43,43);
Insert into GROUP2USER.SONGPOP (SONGPOPID,STARTTIME,ENDTIME,SONGID,POPID) values (44,to_date('20-12-24','RR-MM-DD'),null,44,44);
Insert into GROUP2USER.SONGPOP (SONGPOPID,STARTTIME,ENDTIME,SONGID,POPID) values (45,to_date('20-12-24','RR-MM-DD'),null,45,45);
Insert into GROUP2USER.SONGPOP (SONGPOPID,STARTTIME,ENDTIME,SONGID,POPID) values (46,to_date('20-12-24','RR-MM-DD'),null,46,46);
Insert into GROUP2USER.SONGPOP (SONGPOPID,STARTTIME,ENDTIME,SONGID,POPID) values (47,to_date('20-12-24','RR-MM-DD'),null,47,47);
Insert into GROUP2USER.SONGPOP (SONGPOPID,STARTTIME,ENDTIME,SONGID,POPID) values (48,to_date('20-12-24','RR-MM-DD'),null,48,48);
Insert into GROUP2USER.SONGPOP (SONGPOPID,STARTTIME,ENDTIME,SONGID,POPID) values (49,to_date('20-12-24','RR-MM-DD'),null,49,49);
Insert into GROUP2USER.SONGPOP (SONGPOPID,STARTTIME,ENDTIME,SONGID,POPID) values (50,to_date('20-12-24','RR-MM-DD'),null,50,50);
Insert into GROUP2USER.SONGPOP (SONGPOPID,STARTTIME,ENDTIME,SONGID,POPID) values (51,to_date('20-12-24','RR-MM-DD'),null,51,51);
Insert into GROUP2USER.SONGPOP (SONGPOPID,STARTTIME,ENDTIME,SONGID,POPID) values (52,to_date('20-12-24','RR-MM-DD'),null,52,52);
Insert into GROUP2USER.SONGPOP (SONGPOPID,STARTTIME,ENDTIME,SONGID,POPID) values (53,to_date('20-12-24','RR-MM-DD'),null,53,53);
Insert into GROUP2USER.SONGPOP (SONGPOPID,STARTTIME,ENDTIME,SONGID,POPID) values (54,to_date('20-12-24','RR-MM-DD'),null,54,54);
Insert into GROUP2USER.SONGPOP (SONGPOPID,STARTTIME,ENDTIME,SONGID,POPID) values (55,to_date('20-12-24','RR-MM-DD'),null,55,55);
Insert into GROUP2USER.SONGPOP (SONGPOPID,STARTTIME,ENDTIME,SONGID,POPID) values (56,to_date('20-12-24','RR-MM-DD'),null,56,56);
Insert into GROUP2USER.SONGPOP (SONGPOPID,STARTTIME,ENDTIME,SONGID,POPID) values (57,to_date('20-12-24','RR-MM-DD'),null,57,57);
Insert into GROUP2USER.SONGPOP (SONGPOPID,STARTTIME,ENDTIME,SONGID,POPID) values (58,to_date('20-12-24','RR-MM-DD'),null,58,58);
Insert into GROUP2USER.SONGPOP (SONGPOPID,STARTTIME,ENDTIME,SONGID,POPID) values (59,to_date('20-12-24','RR-MM-DD'),null,59,59);
Insert into GROUP2USER.SONGPOP (SONGPOPID,STARTTIME,ENDTIME,SONGID,POPID) values (60,to_date('20-12-24','RR-MM-DD'),null,60,60);
Insert into GROUP2USER.SONGPOP (SONGPOPID,STARTTIME,ENDTIME,SONGID,POPID) values (61,to_date('20-12-24','RR-MM-DD'),null,61,61);
Insert into GROUP2USER.SONGPOP (SONGPOPID,STARTTIME,ENDTIME,SONGID,POPID) values (62,to_date('20-12-24','RR-MM-DD'),null,62,62);
Insert into GROUP2USER.SONGPOP (SONGPOPID,STARTTIME,ENDTIME,SONGID,POPID) values (63,to_date('20-12-24','RR-MM-DD'),null,63,63);
Insert into GROUP2USER.SONGPOP (SONGPOPID,STARTTIME,ENDTIME,SONGID,POPID) values (64,to_date('20-12-24','RR-MM-DD'),null,64,64);
Insert into GROUP2USER.SONGPOP (SONGPOPID,STARTTIME,ENDTIME,SONGID,POPID) values (65,to_date('20-12-24','RR-MM-DD'),null,65,65);
Insert into GROUP2USER.SONGPOP (SONGPOPID,STARTTIME,ENDTIME,SONGID,POPID) values (66,to_date('20-12-24','RR-MM-DD'),null,66,66);
Insert into GROUP2USER.SONGPOP (SONGPOPID,STARTTIME,ENDTIME,SONGID,POPID) values (67,to_date('20-12-24','RR-MM-DD'),null,67,67);
Insert into GROUP2USER.SONGPOP (SONGPOPID,STARTTIME,ENDTIME,SONGID,POPID) values (68,to_date('20-12-24','RR-MM-DD'),null,68,68);
Insert into GROUP2USER.SONGPOP (SONGPOPID,STARTTIME,ENDTIME,SONGID,POPID) values (69,to_date('20-12-24','RR-MM-DD'),null,69,69);
Insert into GROUP2USER.SONGPOP (SONGPOPID,STARTTIME,ENDTIME,SONGID,POPID) values (70,to_date('20-12-24','RR-MM-DD'),null,70,70);
Insert into GROUP2USER.SONGPOP (SONGPOPID,STARTTIME,ENDTIME,SONGID,POPID) values (71,to_date('20-12-24','RR-MM-DD'),null,71,71);
Insert into GROUP2USER.SONGPOP (SONGPOPID,STARTTIME,ENDTIME,SONGID,POPID) values (72,to_date('20-12-24','RR-MM-DD'),null,72,72);
Insert into GROUP2USER.SONGPOP (SONGPOPID,STARTTIME,ENDTIME,SONGID,POPID) values (73,to_date('20-12-24','RR-MM-DD'),null,73,73);
Insert into GROUP2USER.SONGPOP (SONGPOPID,STARTTIME,ENDTIME,SONGID,POPID) values (74,to_date('20-12-24','RR-MM-DD'),null,74,74);
Insert into GROUP2USER.SONGPOP (SONGPOPID,STARTTIME,ENDTIME,SONGID,POPID) values (75,to_date('20-12-24','RR-MM-DD'),null,75,75);
Insert into GROUP2USER.SONGPOP (SONGPOPID,STARTTIME,ENDTIME,SONGID,POPID) values (76,to_date('20-12-24','RR-MM-DD'),null,76,76);
Insert into GROUP2USER.SONGPOP (SONGPOPID,STARTTIME,ENDTIME,SONGID,POPID) values (77,to_date('20-12-24','RR-MM-DD'),null,77,77);
Insert into GROUP2USER.SONGPOP (SONGPOPID,STARTTIME,ENDTIME,SONGID,POPID) values (78,to_date('20-12-24','RR-MM-DD'),null,78,78);
Insert into GROUP2USER.SONGPOP (SONGPOPID,STARTTIME,ENDTIME,SONGID,POPID) values (79,to_date('20-12-24','RR-MM-DD'),null,79,79);
Insert into GROUP2USER.SONGPOP (SONGPOPID,STARTTIME,ENDTIME,SONGID,POPID) values (80,to_date('20-12-24','RR-MM-DD'),null,80,80);
Insert into GROUP2USER.SONGPOP (SONGPOPID,STARTTIME,ENDTIME,SONGID,POPID) values (81,to_date('20-12-24','RR-MM-DD'),null,81,81);
Insert into GROUP2USER.SONGPOP (SONGPOPID,STARTTIME,ENDTIME,SONGID,POPID) values (82,to_date('20-12-24','RR-MM-DD'),null,82,82);
Insert into GROUP2USER.SONGPOP (SONGPOPID,STARTTIME,ENDTIME,SONGID,POPID) values (83,to_date('20-12-24','RR-MM-DD'),null,83,83);
Insert into GROUP2USER.SONGPOP (SONGPOPID,STARTTIME,ENDTIME,SONGID,POPID) values (84,to_date('20-12-24','RR-MM-DD'),null,84,84);
Insert into GROUP2USER.SONGPOP (SONGPOPID,STARTTIME,ENDTIME,SONGID,POPID) values (85,to_date('20-12-24','RR-MM-DD'),null,85,85);
Insert into GROUP2USER.SONGPOP (SONGPOPID,STARTTIME,ENDTIME,SONGID,POPID) values (86,to_date('20-12-24','RR-MM-DD'),null,86,86);
Insert into GROUP2USER.SONGPOP (SONGPOPID,STARTTIME,ENDTIME,SONGID,POPID) values (87,to_date('20-12-24','RR-MM-DD'),null,87,87);
Insert into GROUP2USER.SONGPOP (SONGPOPID,STARTTIME,ENDTIME,SONGID,POPID) values (88,to_date('20-12-24','RR-MM-DD'),null,88,88);
Insert into GROUP2USER.SONGPOP (SONGPOPID,STARTTIME,ENDTIME,SONGID,POPID) values (89,to_date('20-12-24','RR-MM-DD'),null,89,89);
Insert into GROUP2USER.SONGPOP (SONGPOPID,STARTTIME,ENDTIME,SONGID,POPID) values (90,to_date('20-12-24','RR-MM-DD'),null,90,90);
Insert into GROUP2USER.SONGPOP (SONGPOPID,STARTTIME,ENDTIME,SONGID,POPID) values (91,to_date('20-12-24','RR-MM-DD'),null,91,91);
Insert into GROUP2USER.SONGPOP (SONGPOPID,STARTTIME,ENDTIME,SONGID,POPID) values (92,to_date('20-12-24','RR-MM-DD'),null,92,92);
Insert into GROUP2USER.SONGPOP (SONGPOPID,STARTTIME,ENDTIME,SONGID,POPID) values (93,to_date('20-12-24','RR-MM-DD'),null,93,93);
Insert into GROUP2USER.SONGPOP (SONGPOPID,STARTTIME,ENDTIME,SONGID,POPID) values (94,to_date('20-12-24','RR-MM-DD'),null,94,94);
Insert into GROUP2USER.SONGPOP (SONGPOPID,STARTTIME,ENDTIME,SONGID,POPID) values (95,to_date('20-12-24','RR-MM-DD'),null,95,95);
Insert into GROUP2USER.SONGPOP (SONGPOPID,STARTTIME,ENDTIME,SONGID,POPID) values (96,to_date('20-12-24','RR-MM-DD'),null,96,96);
Insert into GROUP2USER.SONGPOP (SONGPOPID,STARTTIME,ENDTIME,SONGID,POPID) values (97,to_date('20-12-24','RR-MM-DD'),null,97,97);
Insert into GROUP2USER.SONGPOP (SONGPOPID,STARTTIME,ENDTIME,SONGID,POPID) values (98,to_date('20-12-24','RR-MM-DD'),null,98,98);
Insert into GROUP2USER.SONGPOP (SONGPOPID,STARTTIME,ENDTIME,SONGID,POPID) values (99,to_date('20-12-24','RR-MM-DD'),null,99,99);
Insert into GROUP2USER.SONGPOP (SONGPOPID,STARTTIME,ENDTIME,SONGID,POPID) values (100,to_date('20-12-24','RR-MM-DD'),null,100,100);
Insert into GROUP2USER.SONGPOP (SONGPOPID,STARTTIME,ENDTIME,SONGID,POPID) values (1000,to_date('23-07-26','RR-MM-DD'),null,1,1003);
REM INSERTING into GROUP2USER.SONGS
SET DEFINE OFF;
Insert into GROUP2USER.SONGS (SPOTIFYID,TRACKNAME,ALBUMNAME,RELEASEDATE,DURATION,DANCEABILITY) values (1,'Last Night','One Thing At A Time',to_date('23-03-03','RR-MM-DD'),163854,0.492);
Insert into GROUP2USER.SONGS (SPOTIFYID,TRACKNAME,ALBUMNAME,RELEASEDATE,DURATION,DANCEABILITY) values (2,'Kill Bill','SOS',to_date('22-12-09','RR-MM-DD'),153946,0.644);
Insert into GROUP2USER.SONGS (SPOTIFYID,TRACKNAME,ALBUMNAME,RELEASEDATE,DURATION,DANCEABILITY) values (3,'Flowers','Flowers',to_date('23-01-13','RR-MM-DD'),200454,0.707);
Insert into GROUP2USER.SONGS (SPOTIFYID,TRACKNAME,ALBUMNAME,RELEASEDATE,DURATION,DANCEABILITY) values (4,'Ella Baila Sola','Ella Baila Sola',to_date('23-03-16','RR-MM-DD'),165671,0.668);
Insert into GROUP2USER.SONGS (SPOTIFYID,TRACKNAME,ALBUMNAME,RELEASEDATE,DURATION,DANCEABILITY) values (5,'Calm Down (with Selena Gomez)','Calm Down (with Selena Gomez)',to_date('22-08-25','RR-MM-DD'),239317,0.801);
Insert into GROUP2USER.SONGS (SPOTIFYID,TRACKNAME,ALBUMNAME,RELEASEDATE,DURATION,DANCEABILITY) values (6,'Creepin'' (with The Weeknd & 21 Savage)','HEROES & VILLAINS',to_date('22-12-02','RR-MM-DD'),221520,0.715);
Insert into GROUP2USER.SONGS (SPOTIFYID,TRACKNAME,ALBUMNAME,RELEASEDATE,DURATION,DANCEABILITY) values (7,'un x100to','un x100to',to_date('23-04-17','RR-MM-DD'),194563,0.569);
Insert into GROUP2USER.SONGS (SPOTIFYID,TRACKNAME,ALBUMNAME,RELEASEDATE,DURATION,DANCEABILITY) values (8,'Die For You - Remix','Die For You (Remix)',to_date('23-02-24','RR-MM-DD'),232857,0.531);
Insert into GROUP2USER.SONGS (SPOTIFYID,TRACKNAME,ALBUMNAME,RELEASEDATE,DURATION,DANCEABILITY) values (9,'Boy''s a Liar Pt. 2','Boy''s a liar Pt. 2',to_date('23-02-03','RR-MM-DD'),131013,0.696);
Insert into GROUP2USER.SONGS (SPOTIFYID,TRACKNAME,ALBUMNAME,RELEASEDATE,DURATION,DANCEABILITY) values (10,'Anti-Hero','Midnights (3am Edition)',to_date('22-10-22','RR-MM-DD'),200690,0.638);
Insert into GROUP2USER.SONGS (SPOTIFYID,TRACKNAME,ALBUMNAME,RELEASEDATE,DURATION,DANCEABILITY) values (11,'Favorite Song','Favorite Song',to_date('23-02-17','RR-MM-DD'),208630,0.816);
Insert into GROUP2USER.SONGS (SPOTIFYID,TRACKNAME,ALBUMNAME,RELEASEDATE,DURATION,DANCEABILITY) values (12,'La Bebe - Remix','La Bebe (Remix)',to_date('23-03-17','RR-MM-DD'),234352,0.812);
Insert into GROUP2USER.SONGS (SPOTIFYID,TRACKNAME,ALBUMNAME,RELEASEDATE,DURATION,DANCEABILITY) values (13,'Search & Rescue','Search & Rescue',to_date('23-04-07','RR-MM-DD'),272112,0.817);
Insert into GROUP2USER.SONGS (SPOTIFYID,TRACKNAME,ALBUMNAME,RELEASEDATE,DURATION,DANCEABILITY) values (14,'Fast Car','Gettin'' Old',to_date('23-03-24','RR-MM-DD'),265493,0.712);
Insert into GROUP2USER.SONGS (SPOTIFYID,TRACKNAME,ALBUMNAME,RELEASEDATE,DURATION,DANCEABILITY) values (15,'Sure Thing','All I Want Is You',to_date('10-11-26','RR-MM-DD'),195373,0.684);
Insert into GROUP2USER.SONGS (SPOTIFYID,TRACKNAME,ALBUMNAME,RELEASEDATE,DURATION,DANCEABILITY) values (16,'Rock and A Hard Place','Rock and A Hard Place',to_date('22-06-10','RR-MM-DD'),207540,0.582);
Insert into GROUP2USER.SONGS (SPOTIFYID,TRACKNAME,ALBUMNAME,RELEASEDATE,DURATION,DANCEABILITY) values (17,'Players','Players',to_date('22-11-30','RR-MM-DD'),139560,0.954);
Insert into GROUP2USER.SONGS (SPOTIFYID,TRACKNAME,ALBUMNAME,RELEASEDATE,DURATION,DANCEABILITY) values (18,'You Proof','You Proof',to_date('22-05-13','RR-MM-DD'),157477,0.731);
Insert into GROUP2USER.SONGS (SPOTIFYID,TRACKNAME,ALBUMNAME,RELEASEDATE,DURATION,DANCEABILITY) values (19,'Cupid','The Beginning: Cupid',to_date('23-02-24','RR-MM-DD'),174253,0.77);
Insert into GROUP2USER.SONGS (SPOTIFYID,TRACKNAME,ALBUMNAME,RELEASEDATE,DURATION,DANCEABILITY) values (20,'As It Was','As It Was',to_date('22-03-31','RR-MM-DD'),167303,0.52);
Insert into GROUP2USER.SONGS (SPOTIFYID,TRACKNAME,ALBUMNAME,RELEASEDATE,DURATION,DANCEABILITY) values (21,'Something in the Orange','Something in the Orange',to_date('22-04-22','RR-MM-DD'),228013,0.369);
Insert into GROUP2USER.SONGS (SPOTIFYID,TRACKNAME,ALBUMNAME,RELEASEDATE,DURATION,DANCEABILITY) values (22,'Chemical','Chemical',to_date('23-04-14','RR-MM-DD'),184013,0.498);
Insert into GROUP2USER.SONGS (SPOTIFYID,TRACKNAME,ALBUMNAME,RELEASEDATE,DURATION,DANCEABILITY) values (23,'Thinkin’ Bout Me','One Thing At A Time',to_date('23-03-03','RR-MM-DD'),177387,0.656);
Insert into GROUP2USER.SONGS (SPOTIFYID,TRACKNAME,ALBUMNAME,RELEASEDATE,DURATION,DANCEABILITY) values (24,'I''m Good (Blue)','I''m Good (Blue)',to_date('22-08-26','RR-MM-DD'),175238,0.561);
Insert into GROUP2USER.SONGS (SPOTIFYID,TRACKNAME,ALBUMNAME,RELEASEDATE,DURATION,DANCEABILITY) values (25,'One Thing At A Time','One Thing At A Time',to_date('23-03-03','RR-MM-DD'),206864,0.613);
Insert into GROUP2USER.SONGS (SPOTIFYID,TRACKNAME,ALBUMNAME,RELEASEDATE,DURATION,DANCEABILITY) values (26,'Thought You Should Know','Thought You Should Know',to_date('22-05-06','RR-MM-DD'),215571,0.529);
Insert into GROUP2USER.SONGS (SPOTIFYID,TRACKNAME,ALBUMNAME,RELEASEDATE,DURATION,DANCEABILITY) values (27,'Thank God','Different Man',to_date('22-09-09','RR-MM-DD'),174560,0.738);
Insert into GROUP2USER.SONGS (SPOTIFYID,TRACKNAME,ALBUMNAME,RELEASEDATE,DURATION,DANCEABILITY) values (28,'Dancin’ In The Country','Dancin'' In The Country',to_date('22-08-19','RR-MM-DD'),179645,0.655);
Insert into GROUP2USER.SONGS (SPOTIFYID,TRACKNAME,ALBUMNAME,RELEASEDATE,DURATION,DANCEABILITY) values (29,'Por las Noches','Por las Noches',to_date('21-06-11','RR-MM-DD'),239845,0.807);
Insert into GROUP2USER.SONGS (SPOTIFYID,TRACKNAME,ALBUMNAME,RELEASEDATE,DURATION,DANCEABILITY) values (30,'Handle On You','Handle On You',to_date('22-08-05','RR-MM-DD'),219333,0.588);
Insert into GROUP2USER.SONGS (SPOTIFYID,TRACKNAME,ALBUMNAME,RELEASEDATE,DURATION,DANCEABILITY) values (31,'Princess Diana (with Nicki Minaj)','Princess Diana (with Nicki Minaj)',to_date('23-04-14','RR-MM-DD'),172125,0.898);
Insert into GROUP2USER.SONGS (SPOTIFYID,TRACKNAME,ALBUMNAME,RELEASEDATE,DURATION,DANCEABILITY) values (32,'Under The Influence','Indigo (Extended)',to_date('19-10-04','RR-MM-DD'),184613,0.733);
Insert into GROUP2USER.SONGS (SPOTIFYID,TRACKNAME,ALBUMNAME,RELEASEDATE,DURATION,DANCEABILITY) values (33,'PRC','PRC',to_date('23-01-23','RR-MM-DD'),184066,0.784);
Insert into GROUP2USER.SONGS (SPOTIFYID,TRACKNAME,ALBUMNAME,RELEASEDATE,DURATION,DANCEABILITY) values (34,'Snooze','SOS',to_date('22-12-09','RR-MM-DD'),201800,0.559);
Insert into GROUP2USER.SONGS (SPOTIFYID,TRACKNAME,ALBUMNAME,RELEASEDATE,DURATION,DANCEABILITY) values (35,'Double Fantasy (with Future)','Double Fantasy',to_date('23-04-21','RR-MM-DD'),268235,0.6);
Insert into GROUP2USER.SONGS (SPOTIFYID,TRACKNAME,ALBUMNAME,RELEASEDATE,DURATION,DANCEABILITY) values (36,'Unholy (feat. Kim Petras)','Unholy (feat. Kim Petras)',to_date('22-09-22','RR-MM-DD'),156943,0.714);
Insert into GROUP2USER.SONGS (SPOTIFYID,TRACKNAME,ALBUMNAME,RELEASEDATE,DURATION,DANCEABILITY) values (37,'AMG','AMG',to_date('22-11-24','RR-MM-DD'),174942,0.772);
Insert into GROUP2USER.SONGS (SPOTIFYID,TRACKNAME,ALBUMNAME,RELEASEDATE,DURATION,DANCEABILITY) values (38,'Eyes Closed','Eyes Closed',to_date('23-03-24','RR-MM-DD'),194848,0.777);
Insert into GROUP2USER.SONGS (SPOTIFYID,TRACKNAME,ALBUMNAME,RELEASEDATE,DURATION,DANCEABILITY) values (39,'SLUT ME OUT','SLUT ME OUT',to_date('22-04-22','RR-MM-DD'),123672,0.938);
Insert into GROUP2USER.SONGS (SPOTIFYID,TRACKNAME,ALBUMNAME,RELEASEDATE,DURATION,DANCEABILITY) values (40,'Escapism.','Escapism. / The Thrill Is Gone.',to_date('22-10-12','RR-MM-DD'),272373,0.538);
Insert into GROUP2USER.SONGS (SPOTIFYID,TRACKNAME,ALBUMNAME,RELEASEDATE,DURATION,DANCEABILITY) values (41,'Just Wanna Rock','Just Wanna Rock',to_date('22-10-17','RR-MM-DD'),123890,0.486);
Insert into GROUP2USER.SONGS (SPOTIFYID,TRACKNAME,ALBUMNAME,RELEASEDATE,DURATION,DANCEABILITY) values (42,'Love You Anyway','Love You Anyway',to_date('23-02-10','RR-MM-DD'),229626,0.532);
Insert into GROUP2USER.SONGS (SPOTIFYID,TRACKNAME,ALBUMNAME,RELEASEDATE,DURATION,DANCEABILITY) values (43,'Superhero (Heroes & Villains) [with Future & Chris Brown]','HEROES & VILLAINS',to_date('22-12-02','RR-MM-DD'),182666,0.526);
Insert into GROUP2USER.SONGS (SPOTIFYID,TRACKNAME,ALBUMNAME,RELEASEDATE,DURATION,DANCEABILITY) values (44,'See You Again (feat. Kali Uchis)','Flower Boy',to_date('17-07-21','RR-MM-DD'),180386,0.558);
Insert into GROUP2USER.SONGS (SPOTIFYID,TRACKNAME,ALBUMNAME,RELEASEDATE,DURATION,DANCEABILITY) values (45,'Lavender Haze','Midnights (3am Edition)',to_date('22-10-22','RR-MM-DD'),202395,0.735);
Insert into GROUP2USER.SONGS (SPOTIFYID,TRACKNAME,ALBUMNAME,RELEASEDATE,DURATION,DANCEABILITY) values (46,'TQG','TQG',to_date('23-02-23','RR-MM-DD'),198360,0.839);
Insert into GROUP2USER.SONGS (SPOTIFYID,TRACKNAME,ALBUMNAME,RELEASEDATE,DURATION,DANCEABILITY) values (47,'Next Thing You Know','Next Thing You Know',to_date('22-08-12','RR-MM-DD'),175237,0.557);
Insert into GROUP2USER.SONGS (SPOTIFYID,TRACKNAME,ALBUMNAME,RELEASEDATE,DURATION,DANCEABILITY) values (48,'Spin Bout U','Her Loss',to_date('22-11-04','RR-MM-DD'),214588,0.773);
Insert into GROUP2USER.SONGS (SPOTIFYID,TRACKNAME,ALBUMNAME,RELEASEDATE,DURATION,DANCEABILITY) values (49,'Daylight','Daylight',to_date('23-04-14','RR-MM-DD'),212953,0.508);
Insert into GROUP2USER.SONGS (SPOTIFYID,TRACKNAME,ALBUMNAME,RELEASEDATE,DURATION,DANCEABILITY) values (50,'Rich Flex','Her Loss',to_date('22-11-04','RR-MM-DD'),239359,0.561);
Insert into GROUP2USER.SONGS (SPOTIFYID,TRACKNAME,ALBUMNAME,RELEASEDATE,DURATION,DANCEABILITY) values (51,'Wild as Her','Wild as Her',to_date('22-03-04','RR-MM-DD'),199733,0.504);
Insert into GROUP2USER.SONGS (SPOTIFYID,TRACKNAME,ALBUMNAME,RELEASEDATE,DURATION,DANCEABILITY) values (52,'Karma','Midnights',to_date('22-10-21','RR-MM-DD'),204852,0.642);
Insert into GROUP2USER.SONGS (SPOTIFYID,TRACKNAME,ALBUMNAME,RELEASEDATE,DURATION,DANCEABILITY) values (53,'Tennessee Orange','Tennessee Orange',to_date('22-09-02','RR-MM-DD'),223119,0.38);
Insert into GROUP2USER.SONGS (SPOTIFYID,TRACKNAME,ALBUMNAME,RELEASEDATE,DURATION,DANCEABILITY) values (54,'They Don''t Love It','Jackman.',to_date('23-04-28','RR-MM-DD'),113292,0.536);
Insert into GROUP2USER.SONGS (SPOTIFYID,TRACKNAME,ALBUMNAME,RELEASEDATE,DURATION,DANCEABILITY) values (55,'Bebe Dame','Bebe Dame',to_date('22-12-16','RR-MM-DD'),271861,0.537);
Insert into GROUP2USER.SONGS (SPOTIFYID,TRACKNAME,ALBUMNAME,RELEASEDATE,DURATION,DANCEABILITY) values (56,'El Azul','El Azul',to_date('23-02-10','RR-MM-DD'),187225,0.558);
Insert into GROUP2USER.SONGS (SPOTIFYID,TRACKNAME,ALBUMNAME,RELEASEDATE,DURATION,DANCEABILITY) values (57,'Chanel','Chanel',to_date('23-03-30','RR-MM-DD'),201993,0.852);
Insert into GROUP2USER.SONGS (SPOTIFYID,TRACKNAME,ALBUMNAME,RELEASEDATE,DURATION,DANCEABILITY) values (58,'Need A Favor','Need A Favor',to_date('22-12-09','RR-MM-DD'),197400,0.504);
Insert into GROUP2USER.SONGS (SPOTIFYID,TRACKNAME,ALBUMNAME,RELEASEDATE,DURATION,DANCEABILITY) values (59,'Nonsense','emails i can''t send',to_date('22-07-15','RR-MM-DD'),163648,0.74);
Insert into GROUP2USER.SONGS (SPOTIFYID,TRACKNAME,ALBUMNAME,RELEASEDATE,DURATION,DANCEABILITY) values (60,'Low Down','My Turn (Deluxe)',to_date('20-05-01','RR-MM-DD'),144651,0.962);
Insert into GROUP2USER.SONGS (SPOTIFYID,TRACKNAME,ALBUMNAME,RELEASEDATE,DURATION,DANCEABILITY) values (61,'El Gordo Trae El Mando','El Gordo Trae El Mando',to_date('23-01-27','RR-MM-DD'),112087,0.736);
Insert into GROUP2USER.SONGS (SPOTIFYID,TRACKNAME,ALBUMNAME,RELEASEDATE,DURATION,DANCEABILITY) values (62,'Human','Human The Double Album',to_date('21-10-08','RR-MM-DD'),221520,0.4);
Insert into GROUP2USER.SONGS (SPOTIFYID,TRACKNAME,ALBUMNAME,RELEASEDATE,DURATION,DANCEABILITY) values (63,'ICU','What I Didn''t Tell You',to_date('22-11-04','RR-MM-DD'),241624,0.584);
Insert into GROUP2USER.SONGS (SPOTIFYID,TRACKNAME,ALBUMNAME,RELEASEDATE,DURATION,DANCEABILITY) values (64,'Red Ruby Da Sleeze','Red Ruby Da Sleeze',to_date('23-03-03','RR-MM-DD'),214445,0.696);
Insert into GROUP2USER.SONGS (SPOTIFYID,TRACKNAME,ALBUMNAME,RELEASEDATE,DURATION,DANCEABILITY) values (65,'Ain’t That Some','One Thing At A Time',to_date('23-03-03','RR-MM-DD'),158003,0.641);
Insert into GROUP2USER.SONGS (SPOTIFYID,TRACKNAME,ALBUMNAME,RELEASEDATE,DURATION,DANCEABILITY) values (66,'Fight The Feeling','Fight The Feeling',to_date('23-03-31','RR-MM-DD'),160714,0.634);
Insert into GROUP2USER.SONGS (SPOTIFYID,TRACKNAME,ALBUMNAME,RELEASEDATE,DURATION,DANCEABILITY) values (67,'Cowgirls (feat. ERNEST)','One Thing At A Time',to_date('23-03-03','RR-MM-DD'),181621,0.624);
Insert into GROUP2USER.SONGS (SPOTIFYID,TRACKNAME,ALBUMNAME,RELEASEDATE,DURATION,DANCEABILITY) values (68,'Gold','Gold',to_date('22-07-29','RR-MM-DD'),167760,0.674);
Insert into GROUP2USER.SONGS (SPOTIFYID,TRACKNAME,ALBUMNAME,RELEASEDATE,DURATION,DANCEABILITY) values (69,'Wreckage','Wreckage',to_date('22-11-18','RR-MM-DD'),212746,0.563);
Insert into GROUP2USER.SONGS (SPOTIFYID,TRACKNAME,ALBUMNAME,RELEASEDATE,DURATION,DANCEABILITY) values (70,'BESO','RR',to_date('23-03-24','RR-MM-DD'),194543,0.768);
Insert into GROUP2USER.SONGS (SPOTIFYID,TRACKNAME,ALBUMNAME,RELEASEDATE,DURATION,DANCEABILITY) values (71,'Ch y la Pizza','Ch y la Pizza',to_date('22-12-01','RR-MM-DD'),136913,0.661);
Insert into GROUP2USER.SONGS (SPOTIFYID,TRACKNAME,ALBUMNAME,RELEASEDATE,DURATION,DANCEABILITY) values (72,'Trance (with Travis Scott & Young Thug)','HEROES & VILLAINS',to_date('22-12-02','RR-MM-DD'),194786,0.571);
Insert into GROUP2USER.SONGS (SPOTIFYID,TRACKNAME,ALBUMNAME,RELEASEDATE,DURATION,DANCEABILITY) values (73,'It Matters To Her','Same Truck',to_date('21-09-17','RR-MM-DD'),171880,0.516);
Insert into GROUP2USER.SONGS (SPOTIFYID,TRACKNAME,ALBUMNAME,RELEASEDATE,DURATION,DANCEABILITY) values (74,'I Wrote The Book','One Thing At A Time',to_date('23-03-03','RR-MM-DD'),181766,0.692);
Insert into GROUP2USER.SONGS (SPOTIFYID,TRACKNAME,ALBUMNAME,RELEASEDATE,DURATION,DANCEABILITY) values (75,'Memory Lane','Memory Lane',to_date('23-01-05','RR-MM-DD'),172480,0.645);
Insert into GROUP2USER.SONGS (SPOTIFYID,TRACKNAME,ALBUMNAME,RELEASEDATE,DURATION,DANCEABILITY) values (76,'Que Vuelvas','Que Vuelvas',to_date('22-12-09','RR-MM-DD'),169418,0.491);
Insert into GROUP2USER.SONGS (SPOTIFYID,TRACKNAME,ALBUMNAME,RELEASEDATE,DURATION,DANCEABILITY) values (77,'Frágil','Frágil',to_date('23-04-07','RR-MM-DD'),160517,0.605);
Insert into GROUP2USER.SONGS (SPOTIFYID,TRACKNAME,ALBUMNAME,RELEASEDATE,DURATION,DANCEABILITY) values (78,'PAINTING PICTURES','5LBS OF PRESSURE',to_date('22-10-20','RR-MM-DD'),122070,0.956);
Insert into GROUP2USER.SONGS (SPOTIFYID,TRACKNAME,ALBUMNAME,RELEASEDATE,DURATION,DANCEABILITY) values (79,'In Ha Mood','In Ha Mood',to_date('23-01-06','RR-MM-DD'),129360,0.768);
Insert into GROUP2USER.SONGS (SPOTIFYID,TRACKNAME,ALBUMNAME,RELEASEDATE,DURATION,DANCEABILITY) values (80,'Man Made A Bar (feat. Eric Church)','One Thing At A Time',to_date('23-03-03','RR-MM-DD'),191231,0.498);
Insert into GROUP2USER.SONGS (SPOTIFYID,TRACKNAME,ALBUMNAME,RELEASEDATE,DURATION,DANCEABILITY) values (81,'Igualito a Mi Apá','Pa Que Hablen',to_date('22-12-30','RR-MM-DD'),166821,0.758);
Insert into GROUP2USER.SONGS (SPOTIFYID,TRACKNAME,ALBUMNAME,RELEASEDATE,DURATION,DANCEABILITY) values (82,'Peaches','The Super Mario Bros. Movie (Original Motion Picture Soundtrack)',to_date('23-04-07','RR-MM-DD'),95440,0.698);
Insert into GROUP2USER.SONGS (SPOTIFYID,TRACKNAME,ALBUMNAME,RELEASEDATE,DURATION,DANCEABILITY) values (83,'Everything I Love','One Thing At A Time',to_date('23-03-03','RR-MM-DD'),187047,0.568);
Insert into GROUP2USER.SONGS (SPOTIFYID,TRACKNAME,ALBUMNAME,RELEASEDATE,DURATION,DANCEABILITY) values (84,'Bloody Mary','Born This Way (Special Edition)',to_date('11-01-01','RR-MM-DD'),244760,0.591);
Insert into GROUP2USER.SONGS (SPOTIFYID,TRACKNAME,ALBUMNAME,RELEASEDATE,DURATION,DANCEABILITY) values (85,'Yandel 150','Yandel 150',to_date('22-12-20','RR-MM-DD'),216148,0.783);
Insert into GROUP2USER.SONGS (SPOTIFYID,TRACKNAME,ALBUMNAME,RELEASEDATE,DURATION,DANCEABILITY) values (86,'ceilings','five seconds flat',to_date('22-04-08','RR-MM-DD'),182887,0.516);
Insert into GROUP2USER.SONGS (SPOTIFYID,TRACKNAME,ALBUMNAME,RELEASEDATE,DURATION,DANCEABILITY) values (87,'Moonlight','Moonlight',to_date('23-02-24','RR-MM-DD'),187557,0.639);
Insert into GROUP2USER.SONGS (SPOTIFYID,TRACKNAME,ALBUMNAME,RELEASEDATE,DURATION,DANCEABILITY) values (88,'Waffle House','Waffle House',to_date('23-04-07','RR-MM-DD'),145440,0.729);
Insert into GROUP2USER.SONGS (SPOTIFYID,TRACKNAME,ALBUMNAME,RELEASEDATE,DURATION,DANCEABILITY) values (89,'Never Felt So Alone','Never Felt So Alone',to_date('23-04-07','RR-MM-DD'),160166,0.436);
Insert into GROUP2USER.SONGS (SPOTIFYID,TRACKNAME,ALBUMNAME,RELEASEDATE,DURATION,DANCEABILITY) values (90,'Forever (feat. Fridayy)','It''s Only Me',to_date('22-10-14','RR-MM-DD'),167977,0.462);
Insert into GROUP2USER.SONGS (SPOTIFYID,TRACKNAME,ALBUMNAME,RELEASEDATE,DURATION,DANCEABILITY) values (91,'People','People',to_date('22-12-06','RR-MM-DD'),184791,0.573);
Insert into GROUP2USER.SONGS (SPOTIFYID,TRACKNAME,ALBUMNAME,RELEASEDATE,DURATION,DANCEABILITY) values (92,'HAPPY','HOPE',to_date('23-04-07','RR-MM-DD'),242691,0.732);
Insert into GROUP2USER.SONGS (SPOTIFYID,TRACKNAME,ALBUMNAME,RELEASEDATE,DURATION,DANCEABILITY) values (93,'Di Que Si','Di Que Si',to_date('23-02-03','RR-MM-DD'),190553,0.57);
Insert into GROUP2USER.SONGS (SPOTIFYID,TRACKNAME,ALBUMNAME,RELEASEDATE,DURATION,DANCEABILITY) values (94,'Sunrise','One Thing At A Time',to_date('23-03-03','RR-MM-DD'),182522,0.613);
Insert into GROUP2USER.SONGS (SPOTIFYID,TRACKNAME,ALBUMNAME,RELEASEDATE,DURATION,DANCEABILITY) values (95,'Strike (Holster)','Strike (Holster)',to_date('23-04-07','RR-MM-DD'),148115,0.851);
Insert into GROUP2USER.SONGS (SPOTIFYID,TRACKNAME,ALBUMNAME,RELEASEDATE,DURATION,DANCEABILITY) values (96,'Common Ground','Jackman.',to_date('23-04-28','RR-MM-DD'),100424,0.807);
Insert into GROUP2USER.SONGS (SPOTIFYID,TRACKNAME,ALBUMNAME,RELEASEDATE,DURATION,DANCEABILITY) values (97,'5 Leaf Clover','5 Leaf Clover',to_date('23-03-17','RR-MM-DD'),211053,0.423);
Insert into GROUP2USER.SONGS (SPOTIFYID,TRACKNAME,ALBUMNAME,RELEASEDATE,DURATION,DANCEABILITY) values (98,'Shakira: Bzrp Music Sessions, Vol. 53','Shakira: Bzrp Music Sessions, Vol. 53',to_date('23-01-11','RR-MM-DD'),214945,0.778);
Insert into GROUP2USER.SONGS (SPOTIFYID,TRACKNAME,ALBUMNAME,RELEASEDATE,DURATION,DANCEABILITY) values (99,'Private Landing (feat. Justin Bieber & Future)','Love Sick',to_date('23-02-24','RR-MM-DD'),238253,0.843);
Insert into GROUP2USER.SONGS (SPOTIFYID,TRACKNAME,ALBUMNAME,RELEASEDATE,DURATION,DANCEABILITY) values (100,'Dawns (feat. Maggie Rogers)','Dawns (feat. Maggie Rogers)',to_date('23-01-27','RR-MM-DD'),290892,0.447);
REM INSERTING into GROUP2USER.USERNAME
SET DEFINE OFF;
Insert into GROUP2USER.USERNAME (USERNAMEID,USERNAME) values (1013,'Kuang');
Insert into GROUP2USER.USERNAME (USERNAMEID,USERNAME) values (1,'Lei');
Insert into GROUP2USER.USERNAME (USERNAMEID,USERNAME) values (2,'Tianjiao');
Insert into GROUP2USER.USERNAME (USERNAMEID,USERNAME) values (3,'Victor');
Insert into GROUP2USER.USERNAME (USERNAMEID,USERNAME) values (4,'Lee');
Insert into GROUP2USER.USERNAME (USERNAMEID,USERNAME) values (5,'Jony');
Insert into GROUP2USER.USERNAME (USERNAMEID,USERNAME) values (6,'TT');
Insert into GROUP2USER.USERNAME (USERNAMEID,USERNAME) values (7,'Jimmy');
Insert into GROUP2USER.USERNAME (USERNAMEID,USERNAME) values (8,'Karlson');
Insert into GROUP2USER.USERNAME (USERNAMEID,USERNAME) values (9,'Ottis');
Insert into GROUP2USER.USERNAME (USERNAMEID,USERNAME) values (10,'Eisenhower');
Insert into GROUP2USER.USERNAME (USERNAMEID,USERNAME) values (11,'Wilhelm');
Insert into GROUP2USER.USERNAME (USERNAMEID,USERNAME) values (12,'Luigi');
Insert into GROUP2USER.USERNAME (USERNAMEID,USERNAME) values (13,'Dayeoung');
Insert into GROUP2USER.USERNAME (USERNAMEID,USERNAME) values (14,'Johnny');
Insert into GROUP2USER.USERNAME (USERNAMEID,USERNAME) values (15,'Francis');
Insert into GROUP2USER.USERNAME (USERNAMEID,USERNAME) values (16,'Martha');
Insert into GROUP2USER.USERNAME (USERNAMEID,USERNAME) values (17,'Bill');
Insert into GROUP2USER.USERNAME (USERNAMEID,USERNAME) values (18,'Mark');
Insert into GROUP2USER.USERNAME (USERNAMEID,USERNAME) values (19,'Finn');
Insert into GROUP2USER.USERNAME (USERNAMEID,USERNAME) values (20,'Riley');
Insert into GROUP2USER.USERNAME (USERNAMEID,USERNAME) values (21,'Mickey');
Insert into GROUP2USER.USERNAME (USERNAMEID,USERNAME) values (22,'Mosley');
Insert into GROUP2USER.USERNAME (USERNAMEID,USERNAME) values (23,'Maslow');
Insert into GROUP2USER.USERNAME (USERNAMEID,USERNAME) values (24,'Boris');
Insert into GROUP2USER.USERNAME (USERNAMEID,USERNAME) values (25,'Erika');
Insert into GROUP2USER.USERNAME (USERNAMEID,USERNAME) values (26,'Katyusha');
Insert into GROUP2USER.USERNAME (USERNAMEID,USERNAME) values (27,'Kalinka');
Insert into GROUP2USER.USERNAME (USERNAMEID,USERNAME) values (28,'Mariya');
Insert into GROUP2USER.USERNAME (USERNAMEID,USERNAME) values (29,'Dwight');
Insert into GROUP2USER.USERNAME (USERNAMEID,USERNAME) values (30,'Iosif');
Insert into GROUP2USER.USERNAME (USERNAMEID,USERNAME) values (1000,'AAAAA');
Insert into GROUP2USER.USERNAME (USERNAMEID,USERNAME) values (1007,'Mickey');
Insert into GROUP2USER.USERNAME (USERNAMEID,USERNAME) values (1008,'Test');
Insert into GROUP2USER.USERNAME (USERNAMEID,USERNAME) values (1009,'Feng');
Insert into GROUP2USER.USERNAME (USERNAMEID,USERNAME) values (1010,'test');
Insert into GROUP2USER.USERNAME (USERNAMEID,USERNAME) values (1011,'testAgain');
Insert into GROUP2USER.USERNAME (USERNAMEID,USERNAME) values (1012,'Mickey');
REM INSERTING into GROUP2USER.USERNAME_USER
SET DEFINE OFF;
Insert into GROUP2USER.USERNAME_USER (USERNAME_USERID,STARTTIME,ENDTIME,USERNAMEID,USERID) values (1008,to_date('23-08-02','RR-MM-DD'),null,1013,13);
Insert into GROUP2USER.USERNAME_USER (USERNAME_USERID,STARTTIME,ENDTIME,USERNAMEID,USERID) values (1,to_date('20-12-24','RR-MM-DD'),null,1,1);
Insert into GROUP2USER.USERNAME_USER (USERNAME_USERID,STARTTIME,ENDTIME,USERNAMEID,USERID) values (2,to_date('20-12-24','RR-MM-DD'),null,2,2);
Insert into GROUP2USER.USERNAME_USER (USERNAME_USERID,STARTTIME,ENDTIME,USERNAMEID,USERID) values (3,to_date('20-12-24','RR-MM-DD'),null,3,3);
Insert into GROUP2USER.USERNAME_USER (USERNAME_USERID,STARTTIME,ENDTIME,USERNAMEID,USERID) values (4,to_date('20-12-24','RR-MM-DD'),null,4,4);
Insert into GROUP2USER.USERNAME_USER (USERNAME_USERID,STARTTIME,ENDTIME,USERNAMEID,USERID) values (5,to_date('20-12-24','RR-MM-DD'),null,5,5);
Insert into GROUP2USER.USERNAME_USER (USERNAME_USERID,STARTTIME,ENDTIME,USERNAMEID,USERID) values (6,to_date('20-12-24','RR-MM-DD'),null,6,6);
Insert into GROUP2USER.USERNAME_USER (USERNAME_USERID,STARTTIME,ENDTIME,USERNAMEID,USERID) values (7,to_date('20-12-24','RR-MM-DD'),null,7,7);
Insert into GROUP2USER.USERNAME_USER (USERNAME_USERID,STARTTIME,ENDTIME,USERNAMEID,USERID) values (8,to_date('20-12-24','RR-MM-DD'),null,8,8);
Insert into GROUP2USER.USERNAME_USER (USERNAME_USERID,STARTTIME,ENDTIME,USERNAMEID,USERID) values (9,to_date('20-12-24','RR-MM-DD'),null,9,9);
Insert into GROUP2USER.USERNAME_USER (USERNAME_USERID,STARTTIME,ENDTIME,USERNAMEID,USERID) values (10,to_date('20-12-24','RR-MM-DD'),null,10,10);
Insert into GROUP2USER.USERNAME_USER (USERNAME_USERID,STARTTIME,ENDTIME,USERNAMEID,USERID) values (11,to_date('20-12-24','RR-MM-DD'),null,11,11);
Insert into GROUP2USER.USERNAME_USER (USERNAME_USERID,STARTTIME,ENDTIME,USERNAMEID,USERID) values (12,to_date('20-12-24','RR-MM-DD'),null,12,12);
Insert into GROUP2USER.USERNAME_USER (USERNAME_USERID,STARTTIME,ENDTIME,USERNAMEID,USERID) values (13,to_date('20-12-24','RR-MM-DD'),to_date('23-08-02','RR-MM-DD'),13,13);
Insert into GROUP2USER.USERNAME_USER (USERNAME_USERID,STARTTIME,ENDTIME,USERNAMEID,USERID) values (14,to_date('20-12-24','RR-MM-DD'),null,14,14);
Insert into GROUP2USER.USERNAME_USER (USERNAME_USERID,STARTTIME,ENDTIME,USERNAMEID,USERID) values (15,to_date('20-12-24','RR-MM-DD'),null,15,15);
Insert into GROUP2USER.USERNAME_USER (USERNAME_USERID,STARTTIME,ENDTIME,USERNAMEID,USERID) values (16,to_date('20-12-24','RR-MM-DD'),null,16,16);
Insert into GROUP2USER.USERNAME_USER (USERNAME_USERID,STARTTIME,ENDTIME,USERNAMEID,USERID) values (17,to_date('20-12-24','RR-MM-DD'),null,17,17);
Insert into GROUP2USER.USERNAME_USER (USERNAME_USERID,STARTTIME,ENDTIME,USERNAMEID,USERID) values (18,to_date('20-12-24','RR-MM-DD'),null,18,18);
Insert into GROUP2USER.USERNAME_USER (USERNAME_USERID,STARTTIME,ENDTIME,USERNAMEID,USERID) values (19,to_date('20-12-24','RR-MM-DD'),null,19,19);
Insert into GROUP2USER.USERNAME_USER (USERNAME_USERID,STARTTIME,ENDTIME,USERNAMEID,USERID) values (20,to_date('20-12-24','RR-MM-DD'),null,20,20);
Insert into GROUP2USER.USERNAME_USER (USERNAME_USERID,STARTTIME,ENDTIME,USERNAMEID,USERID) values (21,to_date('20-12-24','RR-MM-DD'),null,21,21);
Insert into GROUP2USER.USERNAME_USER (USERNAME_USERID,STARTTIME,ENDTIME,USERNAMEID,USERID) values (22,to_date('20-12-24','RR-MM-DD'),null,22,22);
Insert into GROUP2USER.USERNAME_USER (USERNAME_USERID,STARTTIME,ENDTIME,USERNAMEID,USERID) values (23,to_date('20-12-24','RR-MM-DD'),null,23,23);
Insert into GROUP2USER.USERNAME_USER (USERNAME_USERID,STARTTIME,ENDTIME,USERNAMEID,USERID) values (24,to_date('20-12-24','RR-MM-DD'),null,24,24);
Insert into GROUP2USER.USERNAME_USER (USERNAME_USERID,STARTTIME,ENDTIME,USERNAMEID,USERID) values (25,to_date('20-12-24','RR-MM-DD'),null,25,25);
Insert into GROUP2USER.USERNAME_USER (USERNAME_USERID,STARTTIME,ENDTIME,USERNAMEID,USERID) values (26,to_date('20-12-24','RR-MM-DD'),null,26,26);
Insert into GROUP2USER.USERNAME_USER (USERNAME_USERID,STARTTIME,ENDTIME,USERNAMEID,USERID) values (27,to_date('20-12-24','RR-MM-DD'),null,27,27);
Insert into GROUP2USER.USERNAME_USER (USERNAME_USERID,STARTTIME,ENDTIME,USERNAMEID,USERID) values (28,to_date('20-12-24','RR-MM-DD'),to_date('23-07-28','RR-MM-DD'),28,28);
Insert into GROUP2USER.USERNAME_USER (USERNAME_USERID,STARTTIME,ENDTIME,USERNAMEID,USERID) values (29,to_date('20-12-24','RR-MM-DD'),to_date('23-07-26','RR-MM-DD'),29,29);
Insert into GROUP2USER.USERNAME_USER (USERNAME_USERID,STARTTIME,ENDTIME,USERNAMEID,USERID) values (30,to_date('20-12-24','RR-MM-DD'),to_date('23-07-26','RR-MM-DD'),30,30);
Insert into GROUP2USER.USERNAME_USER (USERNAME_USERID,STARTTIME,ENDTIME,USERNAMEID,USERID) values (1000,to_date('23-07-26','RR-MM-DD'),to_date('23-07-26','RR-MM-DD'),1000,1000);
Insert into GROUP2USER.USERNAME_USER (USERNAME_USERID,STARTTIME,ENDTIME,USERNAMEID,USERID) values (1003,to_date('23-07-26','RR-MM-DD'),to_date('23-07-26','RR-MM-DD'),1008,1000);
Insert into GROUP2USER.USERNAME_USER (USERNAME_USERID,STARTTIME,ENDTIME,USERNAMEID,USERID) values (1002,to_date('23-07-26','RR-MM-DD'),to_date('23-07-26','RR-MM-DD'),1007,1000);
Insert into GROUP2USER.USERNAME_USER (USERNAME_USERID,STARTTIME,ENDTIME,USERNAMEID,USERID) values (1004,to_date('23-07-26','RR-MM-DD'),to_date('23-07-26','RR-MM-DD'),1009,1000);
Insert into GROUP2USER.USERNAME_USER (USERNAME_USERID,STARTTIME,ENDTIME,USERNAMEID,USERID) values (1005,to_date('23-07-26','RR-MM-DD'),to_date('23-07-26','RR-MM-DD'),1010,29);
Insert into GROUP2USER.USERNAME_USER (USERNAME_USERID,STARTTIME,ENDTIME,USERNAMEID,USERID) values (1006,to_date('23-07-26','RR-MM-DD'),to_date('23-07-26','RR-MM-DD'),1011,29);
Insert into GROUP2USER.USERNAME_USER (USERNAME_USERID,STARTTIME,ENDTIME,USERNAMEID,USERID) values (1007,to_date('23-07-28','RR-MM-DD'),null,1012,28);
REM INSERTING into GROUP2USER.USERS
SET DEFINE OFF;
Insert into GROUP2USER.USERS (USERID,USERTYPE) values (1,'Admin');
Insert into GROUP2USER.USERS (USERID,USERTYPE) values (2,'Admin');
Insert into GROUP2USER.USERS (USERID,USERTYPE) values (3,'Admin');
Insert into GROUP2USER.USERS (USERID,USERTYPE) values (4,'Guest');
Insert into GROUP2USER.USERS (USERID,USERTYPE) values (5,'Guest');
Insert into GROUP2USER.USERS (USERID,USERTYPE) values (6,'Guest');
Insert into GROUP2USER.USERS (USERID,USERTYPE) values (7,'Guest');
Insert into GROUP2USER.USERS (USERID,USERTYPE) values (8,'Guest');
Insert into GROUP2USER.USERS (USERID,USERTYPE) values (9,'Guest');
Insert into GROUP2USER.USERS (USERID,USERTYPE) values (10,'Guest');
Insert into GROUP2USER.USERS (USERID,USERTYPE) values (11,'Guest');
Insert into GROUP2USER.USERS (USERID,USERTYPE) values (12,'Guest');
Insert into GROUP2USER.USERS (USERID,USERTYPE) values (13,'Guest');
Insert into GROUP2USER.USERS (USERID,USERTYPE) values (14,'Guest');
Insert into GROUP2USER.USERS (USERID,USERTYPE) values (15,'Guest');
Insert into GROUP2USER.USERS (USERID,USERTYPE) values (16,'Guest');
Insert into GROUP2USER.USERS (USERID,USERTYPE) values (17,'Guest');
Insert into GROUP2USER.USERS (USERID,USERTYPE) values (18,'Guest');
Insert into GROUP2USER.USERS (USERID,USERTYPE) values (19,'Guest');
Insert into GROUP2USER.USERS (USERID,USERTYPE) values (20,'Guest');
Insert into GROUP2USER.USERS (USERID,USERTYPE) values (21,'Guest');
Insert into GROUP2USER.USERS (USERID,USERTYPE) values (22,'Guest');
Insert into GROUP2USER.USERS (USERID,USERTYPE) values (23,'Guest');
Insert into GROUP2USER.USERS (USERID,USERTYPE) values (24,'Guest');
Insert into GROUP2USER.USERS (USERID,USERTYPE) values (25,'Guest');
Insert into GROUP2USER.USERS (USERID,USERTYPE) values (26,'Guest');
Insert into GROUP2USER.USERS (USERID,USERTYPE) values (27,'Guest');
Insert into GROUP2USER.USERS (USERID,USERTYPE) values (28,'Admin');
Insert into GROUP2USER.USERS (USERID,USERTYPE) values (29,'Admin');
Insert into GROUP2USER.USERS (USERID,USERTYPE) values (30,'Guest');
Insert into GROUP2USER.USERS (USERID,USERTYPE) values (1000,'Guest');
--------------------------------------------------------
--  DDL for Trigger GRP2A2PLAYLISTSTRIGGERDELETE
--------------------------------------------------------

  CREATE OR REPLACE EDITIONABLE TRIGGER "GROUP2USER"."GRP2A2PLAYLISTSTRIGGERDELETE" 
    INSTEAD OF DELETE ON playlists_view
FOR EACH ROW
BEGIN
    UPDATE playlistname_playlist SET endtime = SYSTIMESTAMP
        WHERE playlistname_playlist.playlistid = :OLD.playlistid and playlistname_playlist.endtime IS NULL;
END;
/
ALTER TRIGGER "GROUP2USER"."GRP2A2PLAYLISTSTRIGGERDELETE" ENABLE;
--------------------------------------------------------
--  DDL for Trigger GRP2A2PLAYLISTSTRIGGERINSERTANDUPDATE
--------------------------------------------------------

  CREATE OR REPLACE EDITIONABLE TRIGGER "GROUP2USER"."GRP2A2PLAYLISTSTRIGGERINSERTANDUPDATE" 
    INSTEAD OF INSERT OR UPDATE ON playlists_view
FOR EACH ROW
DECLARE playlist_check NUMBER :=0;
BEGIN
    SELECT COUNT(*) INTO playlist_check FROM playlists
        JOIN playlistname_playlist ON playlistname_playlist.playlistid = playlists.playlistid
        JOIN playlistname ON playlistname.playlistnameid = playlistname_playlist.playlistnameid
        WHERE playlists.playlistid = :NEW.playlistid AND playlistname.playlistname = :NEW.playlistname
            AND playlists.ownerid = :NEW.ownerid AND playlists.ispublic = :NEW.ispublic
            AND playlists.iscollaborative = :NEW.iscollaborative;


    IF playlist_check = 0 THEN
        IF INSERTING THEN
            INSERT INTO playlists(playlistid, ownerID, ISPUBLIC, ISCOLLABORATIVE)
                VALUES(playlists_seq.nextval, :NEW.ownerID, :NEW.ISPUBLIC, :NEW.ISCOLLABORATIVE);
            INSERT INTO playlistName(playlistNameID, playlistName) 
                VALUES(playlist_Name_seq.nextval, :NEW.playlistName);
            INSERT INTO playlistName_playlist (playlistname_playlistid, starttime, endtime, playlistid, playlistNameID)
                VALUES(PLAYLISTNAME_PLAYLIST_SEQ.nextval,SYSTIMESTAMP, NULL, playlists_seq.currval, playlist_Name_seq.currval);

        ELSIF UPDATING THEN
            IF :NEW.playlistName = :OLD.playlistName THEN
                UPDATE  playlists SET ownerID = :NEW.ownerID, ispublic = :NEW.ispublic, iscollaborative = :NEW.iscollaborative
                    WHERE playlistid = :OLD.playlistid;
            ELSE
                UPDATE  playlists SET ownerID = :NEW.ownerID, ispublic = :NEW.ispublic, iscollaborative = :NEW.iscollaborative
                    WHERE playlistid = :OLD.playlistid;
                INSERT INTO playlistName(playlistNameID, playlistName) 
                    VALUES(playlist_Name_seq.nextval, :NEW.playlistName);
                UPDATE playlistName_playlist SET endtime = SYSTIMESTAMP
                    WHERE playlistName_playlist.playlistid = :OLD.playlistid and playlistName_playlist.endtime IS NULL;
                INSERT INTO playlistName_playlist (playlistname_playlistid, starttime, endtime, playlistid, playlistNameID)
                    VALUES(playlistName_playlist_seq.nextval,SYSTIMESTAMP, NULL, :OLD.playlistid, playlist_Name_seq.currval);
            END IF;
        END IF;
    ELSE
        RAISE_APPLICATION_ERROR(-20001, 'Duplicate Record.');
    END IF;
END;
/
ALTER TRIGGER "GROUP2USER"."GRP2A2PLAYLISTSTRIGGERINSERTANDUPDATE" ENABLE;
--------------------------------------------------------
--  DDL for Trigger GRP2A2SONGSTRIGGERDELETE
--------------------------------------------------------

  CREATE OR REPLACE EDITIONABLE TRIGGER "GROUP2USER"."GRP2A2SONGSTRIGGERDELETE" 
    INSTEAD OF DELETE ON songs_view
FOR EACH ROW
BEGIN
    UPDATE songpop SET endtime = SYSTIMESTAMP
        WHERE songpop.songid = :OLD.spotifyid and songpop.endtime IS NULL;
END;
/
ALTER TRIGGER "GROUP2USER"."GRP2A2SONGSTRIGGERDELETE" ENABLE;
--------------------------------------------------------
--  DDL for Trigger GRP2A2SONGSTRIGGERINSERTANDUPDATE
--------------------------------------------------------

  CREATE OR REPLACE EDITIONABLE TRIGGER "GROUP2USER"."GRP2A2SONGSTRIGGERINSERTANDUPDATE" 
    INSTEAD OF INSERT OR UPDATE ON songs_view
FOR EACH ROW
DECLARE song_check NUMBER :=0;
BEGIN
    SELECT COUNT(*) INTO song_check FROM popularities
        JOIN songpop ON popularities.popid = songpop.popid
        JOIN songs ON songs.spotifyid = songpop.songid
        WHERE songs.spotifyid = :NEW.spotifyid AND popularities.popularity = :NEW.popularity
            AND songs.trackname = :NEW.trackname AND songs.albumname = :NEW.albumname
            AND songs.releasedate = :NEW.releasedate
            AND songs.duration = :NEW.duration AND songs.danceability = :NEW.danceability;

    IF song_check = 0 THEN
        IF INSERTING THEN
            INSERT INTO songs(spotifyid, trackname, albumname, releasedate, duration, danceability)
                VALUES(songs_seq.nextval, :NEW.trackname, :NEW.albumname, :NEW.releasedate, :NEW.duration, :NEW.danceability);
            INSERT INTO popularities(popid, popularity) 
                VALUES(popularities_seq.nextval, :NEW.popularity);
            INSERT INTO songpop (songpopid, starttime, endtime, songid, popid)
                VALUES(songpop_seq.nextval,SYSTIMESTAMP, NULL, songs_seq.currval, popularities_seq.currval);

        ELSIF UPDATING THEN
            IF :NEW.popularity = :OLD.popularity THEN
                UPDATE  songs SET trackname = :NEW.trackname, albumname = :NEW.albumname, 
                releasedate = :NEW.releasedate, duration = :NEW.duration, danceability = :NEW.danceability
                    WHERE spotifyid = :OLD.spotifyid;
            ELSE
                UPDATE  songs SET trackname = :NEW.trackname, albumname = :NEW.albumname, 
                releasedate = :NEW.releasedate, duration = :NEW.duration, danceability = :NEW.danceability
                    WHERE spotifyid = :OLD.spotifyid;
                INSERT INTO popularities(popid, popularity) 
                    VALUES(popularities_seq.nextval, :NEW.popularity);
                UPDATE songpop SET endtime = SYSTIMESTAMP
                    WHERE songpop.songid = :OLD.spotifyid and songpop.endtime IS NULL;
                INSERT INTO songpop (songpopid, starttime, endtime, songid, popid)
                    VALUES(songpop_seq.nextval,SYSTIMESTAMP, NULL, :OLD.spotifyID, popularities_seq.currval);
            END IF;
        END IF;
    ELSE
        RAISE_APPLICATION_ERROR(-20001, 'Duplicate Record.');
    END IF;
END;

/
ALTER TRIGGER "GROUP2USER"."GRP2A2SONGSTRIGGERINSERTANDUPDATE" ENABLE;
--------------------------------------------------------
--  DDL for Trigger GRP2A2UERSTRIGGERDELETE
--------------------------------------------------------

  CREATE OR REPLACE EDITIONABLE TRIGGER "GROUP2USER"."GRP2A2UERSTRIGGERDELETE" 
    INSTEAD OF DELETE ON users_view
FOR EACH ROW
BEGIN
    UPDATE username_user SET endtime = SYSTIMESTAMP
        WHERE username_user.userid = :OLD.userid and username_user.endtime IS NULL;
END;
/
ALTER TRIGGER "GROUP2USER"."GRP2A2UERSTRIGGERDELETE" ENABLE;
--------------------------------------------------------
--  DDL for Trigger GRP2A2UERSTRIGGERINSERTANDUPDATE
--------------------------------------------------------

  CREATE OR REPLACE EDITIONABLE TRIGGER "GROUP2USER"."GRP2A2UERSTRIGGERINSERTANDUPDATE" 
    INSTEAD OF INSERT OR UPDATE ON users_view
FOR EACH ROW
DECLARE user_check NUMBER :=0;
BEGIN
    SELECT COUNT(*) INTO user_check FROM users
        JOIN username_user ON username_user.userid = users.userid
        JOIN username ON username.usernameid = username_user.usernameid
        WHERE users.userid = :NEW.userid AND username.username = :NEW.username
            AND users.usertype = :NEW.usertype;

    IF user_check = 0 THEN
        IF INSERTING THEN
            INSERT INTO users(userid, usertype)
                VALUES(users_seq.nextval, :NEW.userType);
            INSERT INTO username(usernameid, username) 
                VALUES(username_seq.nextval, :NEW.userName);
            INSERT INTO username_user (username_userid, starttime, endtime, usernameid, userid)
                VALUES(username_user_seq.nextval,SYSTIMESTAMP, NULL, username_seq.currval, users_seq.currval);

        ELSIF UPDATING THEN
            IF :NEW.USERNAME = :OLD.USERNAME THEN
                UPDATE  users SET usertype = :NEW.usertype WHERE userid = :OLD.userid;
            ELSE
                UPDATE  users SET usertype = :NEW.usertype WHERE userid = :OLD.userid;
                INSERT INTO username(usernameid, username) 
                    VALUES(username_seq.nextval, :NEW.userName);
                UPDATE username_user SET endtime = SYSTIMESTAMP
                    WHERE username_user.userid = :OLD.userid and username_user.endtime IS NULL;
                INSERT INTO username_user (username_userid, starttime, endtime, usernameid, userid)
                    VALUES(username_user_seq.nextval,SYSTIMESTAMP, NULL, username_seq.currval, :OLD.userid);
            END IF;
        END IF;
    ELSE
        RAISE_APPLICATION_ERROR(-20001, 'Duplicate Record.');
    END IF;
END;

/
ALTER TRIGGER "GROUP2USER"."GRP2A2UERSTRIGGERINSERTANDUPDATE" ENABLE;
--------------------------------------------------------
--  Constraints for Table ARTISTSSONGS
--------------------------------------------------------

  ALTER TABLE "GROUP2USER"."ARTISTSSONGS" MODIFY ("ARTISTSSONGSID" NOT NULL ENABLE);
  ALTER TABLE "GROUP2USER"."ARTISTSSONGS" MODIFY ("ARTISTID" NOT NULL ENABLE);
  ALTER TABLE "GROUP2USER"."ARTISTSSONGS" MODIFY ("SPOTIFYID" NOT NULL ENABLE);
  ALTER TABLE "GROUP2USER"."ARTISTSSONGS" ADD PRIMARY KEY ("ARTISTSSONGSID")
  USING INDEX PCTFREE 10 INITRANS 2 MAXTRANS 255 COMPUTE STATISTICS 
  STORAGE(INITIAL 65536 NEXT 1048576 MINEXTENTS 1 MAXEXTENTS 2147483645
  PCTINCREASE 0 FREELISTS 1 FREELIST GROUPS 1
  BUFFER_POOL DEFAULT FLASH_CACHE DEFAULT CELL_FLASH_CACHE DEFAULT)
  TABLESPACE "GROUP2ASSIGNMENT2"  ENABLE;
--------------------------------------------------------
--  Constraints for Table ARTISTS
--------------------------------------------------------

  ALTER TABLE "GROUP2USER"."ARTISTS" MODIFY ("ARTISTID" NOT NULL ENABLE);
  ALTER TABLE "GROUP2USER"."ARTISTS" MODIFY ("ARTISTNAME" NOT NULL ENABLE);
  ALTER TABLE "GROUP2USER"."ARTISTS" ADD PRIMARY KEY ("ARTISTID")
  USING INDEX PCTFREE 10 INITRANS 2 MAXTRANS 255 COMPUTE STATISTICS 
  STORAGE(INITIAL 65536 NEXT 1048576 MINEXTENTS 1 MAXEXTENTS 2147483645
  PCTINCREASE 0 FREELISTS 1 FREELIST GROUPS 1
  BUFFER_POOL DEFAULT FLASH_CACHE DEFAULT CELL_FLASH_CACHE DEFAULT)
  TABLESPACE "GROUP2ASSIGNMENT2"  ENABLE;
--------------------------------------------------------
--  Constraints for Table SONGS
--------------------------------------------------------

  ALTER TABLE "GROUP2USER"."SONGS" MODIFY ("SPOTIFYID" NOT NULL ENABLE);
  ALTER TABLE "GROUP2USER"."SONGS" MODIFY ("TRACKNAME" NOT NULL ENABLE);
  ALTER TABLE "GROUP2USER"."SONGS" MODIFY ("ALBUMNAME" NOT NULL ENABLE);
  ALTER TABLE "GROUP2USER"."SONGS" MODIFY ("RELEASEDATE" NOT NULL ENABLE);
  ALTER TABLE "GROUP2USER"."SONGS" MODIFY ("DURATION" NOT NULL ENABLE);
  ALTER TABLE "GROUP2USER"."SONGS" MODIFY ("DANCEABILITY" NOT NULL ENABLE);
  ALTER TABLE "GROUP2USER"."SONGS" ADD PRIMARY KEY ("SPOTIFYID")
  USING INDEX PCTFREE 10 INITRANS 2 MAXTRANS 255 COMPUTE STATISTICS 
  STORAGE(INITIAL 65536 NEXT 1048576 MINEXTENTS 1 MAXEXTENTS 2147483645
  PCTINCREASE 0 FREELISTS 1 FREELIST GROUPS 1
  BUFFER_POOL DEFAULT FLASH_CACHE DEFAULT CELL_FLASH_CACHE DEFAULT)
  TABLESPACE "GROUP2ASSIGNMENT2"  ENABLE;
--------------------------------------------------------
--  Constraints for Table POPULARITIES
--------------------------------------------------------

  ALTER TABLE "GROUP2USER"."POPULARITIES" MODIFY ("POPID" NOT NULL ENABLE);
  ALTER TABLE "GROUP2USER"."POPULARITIES" MODIFY ("POPULARITY" NOT NULL ENABLE);
  ALTER TABLE "GROUP2USER"."POPULARITIES" ADD PRIMARY KEY ("POPID")
  USING INDEX PCTFREE 10 INITRANS 2 MAXTRANS 255 COMPUTE STATISTICS 
  STORAGE(INITIAL 65536 NEXT 1048576 MINEXTENTS 1 MAXEXTENTS 2147483645
  PCTINCREASE 0 FREELISTS 1 FREELIST GROUPS 1
  BUFFER_POOL DEFAULT FLASH_CACHE DEFAULT CELL_FLASH_CACHE DEFAULT)
  TABLESPACE "GROUP2ASSIGNMENT2"  ENABLE;
--------------------------------------------------------
--  Constraints for Table PLAYLISTNAME
--------------------------------------------------------

  ALTER TABLE "GROUP2USER"."PLAYLISTNAME" MODIFY ("PLAYLISTNAMEID" NOT NULL ENABLE);
  ALTER TABLE "GROUP2USER"."PLAYLISTNAME" MODIFY ("PLAYLISTNAME" NOT NULL ENABLE);
  ALTER TABLE "GROUP2USER"."PLAYLISTNAME" ADD PRIMARY KEY ("PLAYLISTNAMEID")
  USING INDEX PCTFREE 10 INITRANS 2 MAXTRANS 255 COMPUTE STATISTICS 
  STORAGE(INITIAL 65536 NEXT 1048576 MINEXTENTS 1 MAXEXTENTS 2147483645
  PCTINCREASE 0 FREELISTS 1 FREELIST GROUPS 1
  BUFFER_POOL DEFAULT FLASH_CACHE DEFAULT CELL_FLASH_CACHE DEFAULT)
  TABLESPACE "GROUP2ASSIGNMENT2"  ENABLE;
--------------------------------------------------------
--  Constraints for Table USERNAME
--------------------------------------------------------

  ALTER TABLE "GROUP2USER"."USERNAME" MODIFY ("USERNAMEID" NOT NULL ENABLE);
  ALTER TABLE "GROUP2USER"."USERNAME" MODIFY ("USERNAME" NOT NULL ENABLE);
  ALTER TABLE "GROUP2USER"."USERNAME" ADD PRIMARY KEY ("USERNAMEID")
  USING INDEX PCTFREE 10 INITRANS 2 MAXTRANS 255 COMPUTE STATISTICS 
  STORAGE(INITIAL 65536 NEXT 1048576 MINEXTENTS 1 MAXEXTENTS 2147483645
  PCTINCREASE 0 FREELISTS 1 FREELIST GROUPS 1
  BUFFER_POOL DEFAULT FLASH_CACHE DEFAULT CELL_FLASH_CACHE DEFAULT)
  TABLESPACE "GROUP2ASSIGNMENT2"  ENABLE;
--------------------------------------------------------
--  Constraints for Table SONGPLAYLISTS
--------------------------------------------------------

  ALTER TABLE "GROUP2USER"."SONGPLAYLISTS" MODIFY ("SONGPLAYLISTSID" NOT NULL ENABLE);
  ALTER TABLE "GROUP2USER"."SONGPLAYLISTS" MODIFY ("SPOTIFYID" NOT NULL ENABLE);
  ALTER TABLE "GROUP2USER"."SONGPLAYLISTS" MODIFY ("PLAYLISTID" NOT NULL ENABLE);
  ALTER TABLE "GROUP2USER"."SONGPLAYLISTS" ADD PRIMARY KEY ("SONGPLAYLISTSID")
  USING INDEX PCTFREE 10 INITRANS 2 MAXTRANS 255 COMPUTE STATISTICS 
  STORAGE(INITIAL 65536 NEXT 1048576 MINEXTENTS 1 MAXEXTENTS 2147483645
  PCTINCREASE 0 FREELISTS 1 FREELIST GROUPS 1
  BUFFER_POOL DEFAULT FLASH_CACHE DEFAULT CELL_FLASH_CACHE DEFAULT)
  TABLESPACE "GROUP2ASSIGNMENT2"  ENABLE;
--------------------------------------------------------
--  Constraints for Table PLAYLISTS
--------------------------------------------------------

  ALTER TABLE "GROUP2USER"."PLAYLISTS" MODIFY ("PLAYLISTID" NOT NULL ENABLE);
  ALTER TABLE "GROUP2USER"."PLAYLISTS" MODIFY ("OWNERID" NOT NULL ENABLE);
  ALTER TABLE "GROUP2USER"."PLAYLISTS" MODIFY ("ISPUBLIC" NOT NULL ENABLE);
  ALTER TABLE "GROUP2USER"."PLAYLISTS" MODIFY ("ISCOLLABORATIVE" NOT NULL ENABLE);
  ALTER TABLE "GROUP2USER"."PLAYLISTS" ADD PRIMARY KEY ("PLAYLISTID")
  USING INDEX PCTFREE 10 INITRANS 2 MAXTRANS 255 COMPUTE STATISTICS 
  STORAGE(INITIAL 65536 NEXT 1048576 MINEXTENTS 1 MAXEXTENTS 2147483645
  PCTINCREASE 0 FREELISTS 1 FREELIST GROUPS 1
  BUFFER_POOL DEFAULT FLASH_CACHE DEFAULT CELL_FLASH_CACHE DEFAULT)
  TABLESPACE "GROUP2ASSIGNMENT2"  ENABLE;
--------------------------------------------------------
--  Constraints for Table USERS
--------------------------------------------------------

  ALTER TABLE "GROUP2USER"."USERS" MODIFY ("USERID" NOT NULL ENABLE);
  ALTER TABLE "GROUP2USER"."USERS" MODIFY ("USERTYPE" NOT NULL ENABLE);
  ALTER TABLE "GROUP2USER"."USERS" ADD PRIMARY KEY ("USERID")
  USING INDEX PCTFREE 10 INITRANS 2 MAXTRANS 255 COMPUTE STATISTICS 
  STORAGE(INITIAL 65536 NEXT 1048576 MINEXTENTS 1 MAXEXTENTS 2147483645
  PCTINCREASE 0 FREELISTS 1 FREELIST GROUPS 1
  BUFFER_POOL DEFAULT FLASH_CACHE DEFAULT CELL_FLASH_CACHE DEFAULT)
  TABLESPACE "GROUP2ASSIGNMENT2"  ENABLE;
--------------------------------------------------------
--  Constraints for Table SONGPOP
--------------------------------------------------------

  ALTER TABLE "GROUP2USER"."SONGPOP" MODIFY ("SONGPOPID" NOT NULL ENABLE);
  ALTER TABLE "GROUP2USER"."SONGPOP" MODIFY ("STARTTIME" NOT NULL ENABLE);
  ALTER TABLE "GROUP2USER"."SONGPOP" MODIFY ("SONGID" NOT NULL ENABLE);
  ALTER TABLE "GROUP2USER"."SONGPOP" MODIFY ("POPID" NOT NULL ENABLE);
  ALTER TABLE "GROUP2USER"."SONGPOP" ADD PRIMARY KEY ("SONGPOPID")
  USING INDEX PCTFREE 10 INITRANS 2 MAXTRANS 255 COMPUTE STATISTICS 
  STORAGE(INITIAL 65536 NEXT 1048576 MINEXTENTS 1 MAXEXTENTS 2147483645
  PCTINCREASE 0 FREELISTS 1 FREELIST GROUPS 1
  BUFFER_POOL DEFAULT FLASH_CACHE DEFAULT CELL_FLASH_CACHE DEFAULT)
  TABLESPACE "GROUP2ASSIGNMENT2"  ENABLE;
--------------------------------------------------------
--  Constraints for Table USERNAME_USER
--------------------------------------------------------

  ALTER TABLE "GROUP2USER"."USERNAME_USER" MODIFY ("USERNAME_USERID" NOT NULL ENABLE);
  ALTER TABLE "GROUP2USER"."USERNAME_USER" MODIFY ("STARTTIME" NOT NULL ENABLE);
  ALTER TABLE "GROUP2USER"."USERNAME_USER" MODIFY ("USERNAMEID" NOT NULL ENABLE);
  ALTER TABLE "GROUP2USER"."USERNAME_USER" MODIFY ("USERID" NOT NULL ENABLE);
  ALTER TABLE "GROUP2USER"."USERNAME_USER" ADD PRIMARY KEY ("USERNAME_USERID")
  USING INDEX PCTFREE 10 INITRANS 2 MAXTRANS 255 COMPUTE STATISTICS 
  STORAGE(INITIAL 65536 NEXT 1048576 MINEXTENTS 1 MAXEXTENTS 2147483645
  PCTINCREASE 0 FREELISTS 1 FREELIST GROUPS 1
  BUFFER_POOL DEFAULT FLASH_CACHE DEFAULT CELL_FLASH_CACHE DEFAULT)
  TABLESPACE "GROUP2ASSIGNMENT2"  ENABLE;
--------------------------------------------------------
--  Constraints for Table GENRES
--------------------------------------------------------

  ALTER TABLE "GROUP2USER"."GENRES" MODIFY ("GENREID" NOT NULL ENABLE);
  ALTER TABLE "GROUP2USER"."GENRES" MODIFY ("GENRENAME" NOT NULL ENABLE);
  ALTER TABLE "GROUP2USER"."GENRES" ADD PRIMARY KEY ("GENREID")
  USING INDEX PCTFREE 10 INITRANS 2 MAXTRANS 255 COMPUTE STATISTICS 
  STORAGE(INITIAL 65536 NEXT 1048576 MINEXTENTS 1 MAXEXTENTS 2147483645
  PCTINCREASE 0 FREELISTS 1 FREELIST GROUPS 1
  BUFFER_POOL DEFAULT FLASH_CACHE DEFAULT CELL_FLASH_CACHE DEFAULT)
  TABLESPACE "GROUP2ASSIGNMENT2"  ENABLE;
--------------------------------------------------------
--  Constraints for Table PLAYLISTNAME_PLAYLIST
--------------------------------------------------------

  ALTER TABLE "GROUP2USER"."PLAYLISTNAME_PLAYLIST" MODIFY ("PLAYLISTNAME_PLAYLISTID" NOT NULL ENABLE);
  ALTER TABLE "GROUP2USER"."PLAYLISTNAME_PLAYLIST" MODIFY ("STARTTIME" NOT NULL ENABLE);
  ALTER TABLE "GROUP2USER"."PLAYLISTNAME_PLAYLIST" MODIFY ("PLAYLISTID" NOT NULL ENABLE);
  ALTER TABLE "GROUP2USER"."PLAYLISTNAME_PLAYLIST" MODIFY ("PLAYLISTNAMEID" NOT NULL ENABLE);
  ALTER TABLE "GROUP2USER"."PLAYLISTNAME_PLAYLIST" ADD PRIMARY KEY ("PLAYLISTNAME_PLAYLISTID")
  USING INDEX PCTFREE 10 INITRANS 2 MAXTRANS 255 COMPUTE STATISTICS 
  STORAGE(INITIAL 65536 NEXT 1048576 MINEXTENTS 1 MAXEXTENTS 2147483645
  PCTINCREASE 0 FREELISTS 1 FREELIST GROUPS 1
  BUFFER_POOL DEFAULT FLASH_CACHE DEFAULT CELL_FLASH_CACHE DEFAULT)
  TABLESPACE "GROUP2ASSIGNMENT2"  ENABLE;
--------------------------------------------------------
--  Constraints for Table GENRESONGS
--------------------------------------------------------

  ALTER TABLE "GROUP2USER"."GENRESONGS" MODIFY ("GENRESONGSID" NOT NULL ENABLE);
  ALTER TABLE "GROUP2USER"."GENRESONGS" MODIFY ("SPOTIFYID" NOT NULL ENABLE);
  ALTER TABLE "GROUP2USER"."GENRESONGS" MODIFY ("GENREID" NOT NULL ENABLE);
  ALTER TABLE "GROUP2USER"."GENRESONGS" ADD PRIMARY KEY ("GENRESONGSID")
  USING INDEX PCTFREE 10 INITRANS 2 MAXTRANS 255 COMPUTE STATISTICS 
  STORAGE(INITIAL 65536 NEXT 1048576 MINEXTENTS 1 MAXEXTENTS 2147483645
  PCTINCREASE 0 FREELISTS 1 FREELIST GROUPS 1
  BUFFER_POOL DEFAULT FLASH_CACHE DEFAULT CELL_FLASH_CACHE DEFAULT)
  TABLESPACE "GROUP2ASSIGNMENT2"  ENABLE;
--------------------------------------------------------
--  Ref Constraints for Table ARTISTSSONGS
--------------------------------------------------------

  ALTER TABLE "GROUP2USER"."ARTISTSSONGS" ADD CONSTRAINT "ARTIST_ID_FK" FOREIGN KEY ("ARTISTID")
	  REFERENCES "GROUP2USER"."ARTISTS" ("ARTISTID") ENABLE;
  ALTER TABLE "GROUP2USER"."ARTISTSSONGS" ADD CONSTRAINT "SONG_ID_FK4" FOREIGN KEY ("SPOTIFYID")
	  REFERENCES "GROUP2USER"."SONGS" ("SPOTIFYID") ENABLE;
--------------------------------------------------------
--  Ref Constraints for Table GENRESONGS
--------------------------------------------------------

  ALTER TABLE "GROUP2USER"."GENRESONGS" ADD CONSTRAINT "SONG_ID_FK2" FOREIGN KEY ("SPOTIFYID")
	  REFERENCES "GROUP2USER"."SONGS" ("SPOTIFYID") ENABLE;
  ALTER TABLE "GROUP2USER"."GENRESONGS" ADD CONSTRAINT "GENRE_ID_FK" FOREIGN KEY ("GENREID")
	  REFERENCES "GROUP2USER"."GENRES" ("GENREID") ENABLE;
--------------------------------------------------------
--  Ref Constraints for Table PLAYLISTNAME_PLAYLIST
--------------------------------------------------------

  ALTER TABLE "GROUP2USER"."PLAYLISTNAME_PLAYLIST" ADD CONSTRAINT "PLAYLIST_NAME_ID_FK" FOREIGN KEY ("PLAYLISTNAMEID")
	  REFERENCES "GROUP2USER"."PLAYLISTNAME" ("PLAYLISTNAMEID") ENABLE;
  ALTER TABLE "GROUP2USER"."PLAYLISTNAME_PLAYLIST" ADD CONSTRAINT "PLAYLIST_ID_FK2" FOREIGN KEY ("PLAYLISTID")
	  REFERENCES "GROUP2USER"."PLAYLISTS" ("PLAYLISTID") ENABLE;
--------------------------------------------------------
--  Ref Constraints for Table PLAYLISTS
--------------------------------------------------------

  ALTER TABLE "GROUP2USER"."PLAYLISTS" ADD CONSTRAINT "USER_ID_FK" FOREIGN KEY ("OWNERID")
	  REFERENCES "GROUP2USER"."USERS" ("USERID") ENABLE;
--------------------------------------------------------
--  Ref Constraints for Table SONGPLAYLISTS
--------------------------------------------------------

  ALTER TABLE "GROUP2USER"."SONGPLAYLISTS" ADD CONSTRAINT "SONG_ID_FK3" FOREIGN KEY ("SPOTIFYID")
	  REFERENCES "GROUP2USER"."SONGS" ("SPOTIFYID") ENABLE;
  ALTER TABLE "GROUP2USER"."SONGPLAYLISTS" ADD CONSTRAINT "PLAYLIST_ID_FK" FOREIGN KEY ("PLAYLISTID")
	  REFERENCES "GROUP2USER"."PLAYLISTS" ("PLAYLISTID") ENABLE;
--------------------------------------------------------
--  Ref Constraints for Table SONGPOP
--------------------------------------------------------

  ALTER TABLE "GROUP2USER"."SONGPOP" ADD CONSTRAINT "SONG_ID_FK" FOREIGN KEY ("SONGID")
	  REFERENCES "GROUP2USER"."SONGS" ("SPOTIFYID") ENABLE;
  ALTER TABLE "GROUP2USER"."SONGPOP" ADD CONSTRAINT "POP_ID_FK" FOREIGN KEY ("POPID")
	  REFERENCES "GROUP2USER"."POPULARITIES" ("POPID") ENABLE;
--------------------------------------------------------
--  Ref Constraints for Table USERNAME_USER
--------------------------------------------------------

  ALTER TABLE "GROUP2USER"."USERNAME_USER" ADD CONSTRAINT "USER_NAME_ID_FK" FOREIGN KEY ("USERNAMEID")
	  REFERENCES "GROUP2USER"."USERNAME" ("USERNAMEID") ENABLE;
  ALTER TABLE "GROUP2USER"."USERNAME_USER" ADD CONSTRAINT "USER_ID_FK2" FOREIGN KEY ("USERID")
	  REFERENCES "GROUP2USER"."USERS" ("USERID") ENABLE;
